ccg_year,ccg_code,ccg_name,ccg_area,ICB22CD,ICB22NM,icb_area,overlap,appt_area,appt_pop
2015,E38000001,"NHS Airedale, Wharfedale and Craven CCG",1220675401,E54000054,NHS West Yorkshire Integrated Care Board,3069634170,1220603483,1,1
2015,E38000002,NHS Ashford CCG,580556873,E54000032,NHS Kent and Medway Integrated Care Board,3738569718,580547505.8,1,1
2015,E38000003,NHS Aylesbury Vale CCG,979034291,E54000044,"NHS Buckinghamshire, Oxfordshire and Berkshire West Integrated Care Board",5004608654,978918609.4,1,1
2015,E38000004,NHS Barking and Dagenham CCG,36095814,E54000029,NHS North East London Integrated Care Board,321568216.3,36059057.68,1,1
2015,E38000005,NHS Barnet CCG,86750788,E54000028,NHS North Central London Integrated Care Board,235215650,86729811.3,1,1
2015,E38000006,NHS Barnsley CCG,329081136,E54000061,NHS South Yorkshire Integrated Care Board,1551430164,329032837,1,1
2015,E38000007,NHS Basildon and Brentwood CCG,263154300,E54000026,NHS Mid and South Essex Integrated Care Board,1991384581,263033562,1,1
2015,E38000008,NHS Bassetlaw CCG,637938225,E54000060,NHS Nottingham and Nottinghamshire Integrated Care Board,2159491024,637866356,1,1
2015,E38000009,NHS Bath and North East Somerset CCG,351150631,E54000040,"NHS Bath and North East Somerset, Swindon and Wiltshire Integrated Care Board",3866570842,351071194.1,1,1
2020,E38000231,"NHS Bath and North East Somerset, Swindon and Wiltshire CCG",3866549207,E54000040,"NHS Bath and North East Somerset, Swindon and Wiltshire Integrated Care Board",3866570842,3866160863,1,1
2015,E38000010,NHS Bedfordshire CCG,1191994699,E54000024,"NHS Bedfordshire, Luton and Milton Keynes Integrated Care Board",1603809413,1191818880,1,1
2021,E38000249,"NHS Bedfordshire, Luton and Milton Keynes CCG",1603809413,E54000024,"NHS Bedfordshire, Luton and Milton Keynes Integrated Care Board",1603809413,1603809413,1,1
2018,E38000221,NHS Berkshire West CCG,923511130.7,E54000044,"NHS Buckinghamshire, Oxfordshire and Berkshire West Integrated Care Board",5004608654,923396667.6,1,1
2015,E38000011,NHS Bexley CCG,60559783,E54000030,NHS South East London Integrated Care Board,348819605.6,60496998.26,1,1
2018,E38000220,NHS Birmingham and Solihull CCG,413129066,E54000055,NHS Birmingham and Solihull Integrated Care Board,446068765.3,412970932.4,1,1
2015,E38000012,NHS Birmingham CrossCity CCG,196641139,E54000055,NHS Birmingham and Solihull Integrated Care Board,446068765.3,196554939.7,1,1
2015,E38000013,NHS Birmingham South and Central CCG,38201253,E54000055,NHS Birmingham and Solihull Integrated Care Board,446068765.3,38183178.67,1,1
2021,E38000250,NHS Black Country and West Birmingham CCG,389877258.1,E54000055,NHS Birmingham and Solihull Integrated Care Board,446068765.3,32949647.55,0.084512874,0.12911344
2021,E38000250,NHS Black Country and West Birmingham CCG,389877258.1,E54000062,NHS Black Country Integrated Care Board,356934782.5,356927610.5,0.915487126,0.87088656
2015,E38000014,NHS Blackburn with Darwen CCG,137047119,E54000048,NHS Lancashire and South Cumbria Integrated Care Board,4985443361,137027895.6,1,1
2015,E38000015,NHS Blackpool CCG,34906203,E54000048,NHS Lancashire and South Cumbria Integrated Care Board,4985443361,34847439.47,1,1
2015,E38000016,NHS Bolton CCG,139804308,E54000057,NHS Greater Manchester Integrated Care Board,1275985675,139779020.8,1,1
2015,E38000017,NHS Bracknell and Ascot CCG,128678033,E54000034,NHS Frimley Integrated Care Board,602613466.9,128658216.7,1,1
2015,E38000018,NHS Bradford City CCG,16503645,E54000054,NHS West Yorkshire Integrated Care Board,3069634170,16503645.19,1,1
2020,E38000232,NHS Bradford District and Craven CCG,1406722165,E54000054,NHS West Yorkshire Integrated Care Board,3069634170,1406650248,1,1
2015,E38000019,NHS Bradford Districts CCG,169543119,E54000054,NHS West Yorkshire Integrated Care Board,3069634170,169543119.1,1,1
2015,E38000020,NHS Brent CCG,43235288,E54000027,NHS North West London Integrated Care Board,370844697.6,43204072.42,1,1
2015,E38000021,NHS Brighton and Hove CCG,82695584,E54000053,NHS Sussex Integrated Care Board,3719683667,82642130.23,1,1
2015,E38000022,NHS Bristol CCG,109602171,E54000039,"NHS Bristol, North Somerset and South Gloucestershire Integrated Care Board",981364247.8,109479170.8,1,1
2018,E38000222,"NHS Bristol, North Somerset and South Gloucestershire CCG",981244326.5,E54000039,"NHS Bristol, North Somerset and South Gloucestershire Integrated Care Board",981364247.8,980635295.2,1,1
2015,E38000023,NHS Bromley CCG,150146356,E54000030,NHS South East London Integrated Care Board,348819605.6,150076580.5,1,1
2018,E38000223,NHS Buckinghamshire CCG,1557427639,E54000044,"NHS Buckinghamshire, Oxfordshire and Berkshire West Integrated Care Board",5004608654,1557163147,1,1
2015,E38000024,NHS Bury CCG,99478628,E54000057,NHS Greater Manchester Integrated Care Board,1275985675,99455120.25,1,1
2015,E38000025,NHS Calderdale CCG,363942495,E54000054,NHS West Yorkshire Integrated Care Board,3069634170,363913459,1,1
2015,E38000026,NHS Cambridgeshire and Peterborough CCG,3753763019,E54000059,NHS Northamptonshire Integrated Care Board,2367031405,285406665.2,0.076038315,0.019035936
2015,E38000026,NHS Cambridgeshire and Peterborough CCG,3753763019,E54000056,NHS Cambridgeshire and Peterborough Integrated Care Board,3468553484,3468051912,0.923961685,0.980964064
2015,E38000027,NHS Camden CCG,21786834,E54000028,NHS North Central London Integrated Care Board,235215650,21767707.24,1,1
2015,E38000028,NHS Cannock Chase CCG,133707678,E54000010,NHS Staffordshire and Stoke-on-Trent Integrated Care Board,2716660099,133673297.3,1,1
2015,E38000029,NHS Canterbury and Coastal CCG,604966259,E54000032,NHS Kent and Medway Integrated Care Board,3738569718,604388517.8,1,1
2015,E38000030,NHS Castle Point and Rochford CCG,214423127,E54000026,NHS Mid and South Essex Integrated Care Board,1991384581,210979762.5,1,1
2015,E38000031,NHS Central London (Westminster) CCG,18283522,E54000027,NHS North West London Integrated Care Board,370844697.6,18238813.13,1,1
2015,E38000032,NHS Central Manchester CCG,28203381,E54000057,NHS Greater Manchester Integrated Care Board,1275985675,28203381.27,1,1
2020,E38000233,NHS Cheshire CCG,2083026481,E54000008,NHS Cheshire and Merseyside Integrated Care Board,2998139284,2082657472,1,1
2015,E38000033,NHS Chiltern CCG,578393348,E54000044,"NHS Buckinghamshire, Oxfordshire and Berkshire West Integrated Care Board",5004608654,578244537.9,1,1
2015,E38000034,NHS Chorley and South Ribble CCG,236340280,E54000048,NHS Lancashire and South Cumbria Integrated Care Board,4985443361,236225709.6,1,1
2015,E38000035,NHS City and Hackney CCG,21971767,E54000029,NHS North East London Integrated Care Board,321568216.3,21925741.08,1,1
2015,E38000036,NHS Coastal West Sussex CCG,1363770607,E54000052,NHS Surrey Heartlands Integrated Care Board,1595756314,67005639.09,0.049195565,0.013069672
2015,E38000036,NHS Coastal West Sussex CCG,1363770607,E54000053,NHS Sussex Integrated Care Board,3719683667,1295020380,0.950804435,0.986930328
2017,E38000213,NHS Coastal West Sussex CCG,1363770607,E54000052,NHS Surrey Heartlands Integrated Care Board,1595756314,67005639.09,0.049195565,0.013069672
2017,E38000213,NHS Coastal West Sussex CCG,1363770607,E54000053,NHS Sussex Integrated Care Board,3719683667,1295020380,0.950804435,0.986930328
2015,E38000037,NHS Corby CCG,80267451,E54000059,NHS Northamptonshire Integrated Care Board,2367031405,80254135.99,1,1
2020,E38000234,NHS County Durham CCG,2231590499,E54000050,NHS North East and North Cumbria Integrated Care Board,13641084992,2231417947,1,1
2015,E38000038,NHS Coventry and Rugby CCG,452151719,E54000018,NHS Coventry and Warwickshire Integrated Care Board,2076237489,452092831,1,1
2021,E38000251,NHS Coventry and Warwickshire CCG,2076216135,E54000018,NHS Coventry and Warwickshire Integrated Care Board,2076237489,2076214065,1,1
2015,E38000039,NHS Crawley CCG,44975451,E54000053,NHS Sussex Integrated Care Board,3719683667,44959947.48,1,1
2015,E38000040,NHS Croydon CCG,86529622,E54000031,NHS South West London Integrated Care Board,296872004.9,86472945.13,1,1
2015,E38000041,NHS Cumbria CCG,6948551839,E54000048,NHS Lancashire and South Cumbria Integrated Care Board,4985443361,1910171610,0.274903105,0.368039507
2015,E38000041,NHS Cumbria CCG,6948551839,E54000050,NHS North East and North Cumbria Integrated Care Board,13641084992,5038355261,0.725096895,0.631960493
2017,E38000215,NHS Cumbria CCG,5043171161,E54000050,NHS North East and North Cumbria Integrated Care Board,13641084992,5038283063,1,1
2015,E38000042,NHS Darlington CCG,197466041,E54000050,NHS North East and North Cumbria Integrated Care Board,13641084992,197371161.6,1,1
2015,E38000043,"NHS Dartford, Gravesham and Swanley CCG",268057407,E54000032,NHS Kent and Medway Integrated Care Board,3738569718,267897595.7,1,1
2019,E38000229,NHS Derby and Derbyshire CCG,2502769593,E54000058,NHS Derby and Derbyshire Integrated Care Board,2628771972,2502753106,1,1
2019,E38000230,NHS Devon CCG,6709970079,E54000037,NHS Devon Integrated Care Board,6709220074,6707161402,1,1
2015,E38000044,NHS Doncaster CCG,567951574,E54000061,NHS South Yorkshire Integrated Care Board,1551430164,567827041.2,1,1
2015,E38000045,NHS Dorset CCG,2650779962,E54000041,NHS Dorset Integrated Care Board,2652697740,2650552316,1,1
2015,E38000046,NHS Dudley CCG,97930263,E54000062,NHS Black Country Integrated Care Board,356934782.5,97864168.21,1,1
2015,E38000047,"NHS Durham Dales, Easington and Sedgefield CCG",1706573382,E54000050,NHS North East and North Cumbria Integrated Care Board,13641084992,1706400851,1,1
2015,E38000048,NHS Ealing CCG,55524030,E54000027,NHS North West London Integrated Care Board,370844697.6,55524029.85,1,1
2015,E38000049,NHS East and North Hertfordshire CCG,985550074,E54000025,NHS Hertfordshire and West Essex Integrated Care Board,2581217697,985479161.5,1,1
2018,E38000224,NHS East Berkshire CCG,349487577.1,E54000034,NHS Frimley Integrated Care Board,602613466.9,349335935.2,1,1
2015,E38000050,NHS East Lancashire CCG,914077654,E54000048,NHS Lancashire and South Cumbria Integrated Care Board,4985443361,914015751.4,1,1
2015,E38000051,NHS East Leicestershire and Rutland CCG,1598513339,E54000015,"NHS Leicester, Leicestershire and Rutland Integrated Care Board",2550861259,1598288124,1,1
2015,E38000052,NHS East Riding of Yorkshire CCG,2145346755,E54000051,NHS Humber and North Yorkshire Integrated Care Board,10648894983,2145338539,1,1
2015,E38000053,NHS East Staffordshire CCG,475508062,E54000010,NHS Staffordshire and Stoke-on-Trent Integrated Care Board,2716660099,475374165.9,1,1
2015,E38000054,NHS East Surrey CCG,323997007,E54000052,NHS Surrey Heartlands Integrated Care Board,1595756314,323910361.4,1,1
2020,E38000235,NHS East Sussex CCG,1712734695,E54000053,NHS Sussex Integrated Care Board,3719683667,1711987951,1,1
2015,E38000055,"NHS Eastbourne, Hailsham and Seaford CCG",310818460,E54000053,NHS Sussex Integrated Care Board,3719683667,310566694.5,1,1
2015,E38000056,NHS Eastern Cheshire CCG,625461362,E54000008,NHS Cheshire and Merseyside Integrated Care Board,2998139284,625369039.5,1,1
2015,E38000057,NHS Enfield CCG,82205771,E54000028,NHS North Central London Integrated Care Board,235215650,82139567.15,1,1
2015,E38000058,NHS Erewash CCG,60011881,E54000058,NHS Derby and Derbyshire Integrated Care Board,2628771972,59981806.33,1,1
2015,E38000059,NHS Fareham and Gosport CCG,99612616,E54000042,NHS Hampshire and Isle of Wight Integrated Care Board,4027140314,99359689.77,1,1
2021,E38000252,NHS Frimley CCG,602613466.9,E54000034,NHS Frimley Integrated Care Board,602613466.9,602613466.9,1,1
2015,E38000060,NHS Fylde & Wyre CCG,265480954,E54000048,NHS Lancashire and South Cumbria Integrated Care Board,4985443361,264351298.9,1,1
2018,E38000226,NHS Fylde and Wyre CCG,463384127.6,E54000048,NHS Lancashire and South Cumbria Integrated Care Board,4985443361,462206131.3,1,1
2015,E38000062,NHS Gloucestershire CCG,2652273020,E54000043,NHS Gloucestershire Integrated Care Board,2652600103,2651972677,1,1
2015,E38000063,NHS Great Yarmouth and Waveney CCG,544018257,E54000022,NHS Norfolk and Waveney Integrated Care Board,5753486117,542695807.7,1,1
2015,E38000064,NHS Greater Huddersfield CCG,314247879,E54000054,NHS West Yorkshire Integrated Care Board,3069634170,314206702,1,1
2015,E38000065,NHS Greater Preston CCG,383170562,E54000048,NHS Lancashire and South Cumbria Integrated Care Board,4985443361,382965262.6,1,1
2018,E38000227,NHS Greater Preston CCG,367932760.4,E54000048,NHS Lancashire and South Cumbria Integrated Care Board,4985443361,367727461.2,1,1
2015,E38000066,NHS Greenwich CCG,47338783,E54000030,NHS South East London Integrated Care Board,348819605.6,47287670.92,1,1
2015,E38000067,NHS Guildford and Waverley CCG,537758631,E54000052,NHS Surrey Heartlands Integrated Care Board,1595756314,537703476,1,1
2017,E38000214,NHS Guildford and Waverley CCG,537758631,E54000052,NHS Surrey Heartlands Integrated Care Board,1595756314,537703476,1,1
2015,E38000068,NHS Halton CCG,79108623,E54000008,NHS Cheshire and Merseyside Integrated Care Board,2998139284,79089493.42,1,1
2015,E38000069,"NHS Hambleton, Richmondshire and Whitby CCG",2836286641,E54000051,NHS Humber and North Yorkshire Integrated Care Board,10648894983,2836064764,1,1
2015,E38000070,NHS Hammersmith and Fulham CCG,16389852,E54000027,NHS North West London Integrated Care Board,370844697.6,16383242.93,1,1
2021,E38000253,"NHS Hampshire, Southampton and Isle of Wight CCG",3986726800,E54000042,NHS Hampshire and Isle of Wight Integrated Care Board,4027140314,3986709914,1,1
2015,E38000071,NHS Hardwick CCG,217204808,E54000058,NHS Derby and Derbyshire Integrated Care Board,2628771972,217155071.6,1,1
2015,E38000072,NHS Haringey CCG,29592511,E54000028,NHS North Central London Integrated Care Board,235215650,29575287.4,1,1
2015,E38000073,NHS Harrogate and Rural District CCG,1309082203,E54000051,NHS Humber and North Yorkshire Integrated Care Board,10648894983,1308964598,1,1
2015,E38000074,NHS Harrow CCG,50469334,E54000027,NHS North West London Integrated Care Board,370844697.6,50419308.31,1,1
2015,E38000075,NHS Hartlepool and Stockton-on-Tees CCG,298641746,E54000050,NHS North East and North Cumbria Integrated Care Board,13641084992,298322828.6,1,1
2015,E38000076,NHS Hastings and Rother CCG,541551718,E54000053,NHS Sussex Integrated Care Board,3719683667,541215910.9,1,1
2015,E38000077,NHS Havering CCG,112369632,E54000029,NHS North East London Integrated Care Board,321568216.3,112311644.7,1,1
2020,E38000236,NHS Herefordshire and Worcestershire CCG,3920186337,E54000019,NHS Herefordshire and Worcestershire Integrated Care Board,3920250222,3919779633,1,1
2015,E38000078,NHS Herefordshire CCG,2179636599,E54000019,NHS Herefordshire and Worcestershire Integrated Care Board,3920250222,2179544561,1,1
2015,E38000079,NHS Herts Valleys CCG,584993820,E54000025,NHS Hertfordshire and West Essex Integrated Care Board,2581217697,584834553.4,1,1
2015,E38000080,"NHS Heywood, Middleton and Rochdale CCG",158108069,E54000057,NHS Greater Manchester Integrated Care Board,1275985675,158086033.8,1,1
2015,E38000081,NHS High Weald Lewes Havens CCG,860364517,E54000053,NHS Sussex Integrated Care Board,3719683667,860205345.3,1,1
2015,E38000082,NHS Hillingdon CCG,115706316,E54000027,NHS North West London Integrated Care Board,370844697.6,115650282.3,1,1
2015,E38000083,NHS Horsham and Mid Sussex CCG,581712735,E54000053,NHS Sussex Integrated Care Board,3719683667,581659245,1,1
2015,E38000084,NHS Hounslow CCG,55975760,E54000027,NHS North West London Integrated Care Board,370844697.6,55886918.73,1,1
2015,E38000085,NHS Hull CCG,71459378,E54000051,NHS Humber and North Yorkshire Integrated Care Board,10648894983,71375364.19,1,1
2015,E38000086,NHS Ipswich and East Suffolk CCG,2205073690,E54000023,NHS Suffolk and North East Essex Integrated Care Board,4098883007,2205007943,1,1
2015,E38000087,NHS Isle of Wight CCG,380242268,E54000042,NHS Hampshire and Isle of Wight Integrated Care Board,4027140314,379072541,1,1
2015,E38000088,NHS Islington CCG,14862242,E54000028,NHS North Central London Integrated Care Board,235215650,14836538.84,1,1
2020,E38000237,NHS Kent and Medway CCG,3738932680,E54000032,NHS Kent and Medway Integrated Care Board,3738569718,3735568687,1,1
2015,E38000089,NHS Kernow CCG,3562170368,E54000036,NHS Cornwall and the Isles of Scilly Integrated Care Board,3564846855,3562055199,1,1
2015,E38000090,NHS Kingston CCG,37236134,E54000031,NHS South West London Integrated Care Board,296872004.9,37207380.58,1,1
2021,E38000254,NHS Kirklees CCG,408554782.4,E54000054,NHS West Yorkshire Integrated Care Board,3069634170,408554782.4,1,1
2015,E38000091,NHS Knowsley CCG,86526129,E54000008,NHS Cheshire and Merseyside Integrated Care Board,2998139284,86519521,1,1
2015,E38000092,NHS Lambeth CCG,26813305,E54000030,NHS South East London Integrated Care Board,348819605.6,26771520.19,1,1
2015,E38000093,NHS Lancashire North CCG,758410752,E54000048,NHS Lancashire and South Cumbria Integrated Care Board,4985443361,748000775.6,1,1
2018,E38000225,NHS Leeds CCG,551776452.8,E54000054,NHS West Yorkshire Integrated Care Board,3069634170,551714629.2,1,1
2015,E38000094,NHS Leeds North CCG,261495292,E54000054,NHS West Yorkshire Integrated Care Board,3069634170,261434660,1,1
2015,E38000095,NHS Leeds South and East CCG,147478305,E54000054,NHS West Yorkshire Integrated Care Board,3069634170,147477113.9,1,1
2015,E38000096,NHS Leeds West CCG,142802855,E54000054,NHS West Yorkshire Integrated Care Board,3069634170,142802855.2,1,1
2015,E38000097,NHS Leicester City CCG,73328661,E54000015,"NHS Leicester, Leicestershire and Rutland Integrated Care Board",2550861259,73328661.24,1,1
2015,E38000098,NHS Lewisham CCG,35152770,E54000030,NHS South East London Integrated Care Board,348819605.6,35149785,1,1
2020,E38000238,NHS Lincolnshire CCG,5920601875,E54000013,NHS Lincolnshire Integrated Care Board,5935876033,5914626369,1,1
2015,E38000099,NHS Lincolnshire East CCG,2634970083,E54000013,NHS Lincolnshire Integrated Care Board,5935876033,2634865404,1,1
2015,E38000100,NHS Lincolnshire West CCG,1164031152,E54000013,NHS Lincolnshire Integrated Care Board,5935876033,1163884916,1,1
2015,E38000101,NHS Liverpool CCG,111839924,E54000008,NHS Cheshire and Merseyside Integrated Care Board,2998139284,111812598.5,1,1
2015,E38000102,NHS Luton CCG,43361552,E54000024,"NHS Bedfordshire, Luton and Milton Keynes Integrated Care Board",1603809413,43345845.69,1,1
2017,E38000217,NHS Manchester CCG,115617339.3,E54000057,NHS Greater Manchester Integrated Care Board,1275985675,115610002.7,1,1
2015,E38000103,NHS Mansfield and Ashfield CCG,170109859,E54000060,NHS Nottingham and Nottinghamshire Integrated Care Board,2159491024,170066238.3,1,1
2015,E38000104,NHS Medway CCG,192161311,E54000032,NHS Kent and Medway Integrated Care Board,3738569718,191655028.4,1,1
2015,E38000105,NHS Merton CCG,37627598,E54000031,NHS South West London Integrated Care Board,296872004.9,37625158.58,1,1
2015,E38000106,NHS Mid Essex CCG,1312722308,E54000026,NHS Mid and South Essex Integrated Care Board,1991384581,1310114692,1,1
2015,E38000107,NHS Milton Keynes CCG,368507774,E54000024,"NHS Bedfordshire, Luton and Milton Keynes Integrated Care Board",1603809413,368446545.7,1,1
2017,E38000216,NHS Morecambe Bay CCG,2675850766,E54000048,NHS Lancashire and South Cumbria Integrated Care Board,4985443361,2658111129,1,1
2018,E38000228,NHS Morecambe Bay CCG,2675850766,E54000048,NHS Lancashire and South Cumbria Integrated Care Board,4985443361,2658111129,1,1
2015,E38000108,NHS Nene CCG,2001328573,E54000059,NHS Northamptonshire Integrated Care Board,2367031405,2001093622,1,1
2015,E38000109,NHS Newark & Sherwood CCG,631041049,E54000060,NHS Nottingham and Nottinghamshire Integrated Care Board,2159491024,630992620.8,1,1
2015,E38000110,NHS Newbury and District CCG,560930594,E54000044,"NHS Buckinghamshire, Oxfordshire and Berkshire West Integrated Care Board",5004608654,560858977.6,1,1
2015,E38000212,NHS Newcastle Gateshead CCG,255771427,E54000050,NHS North East and North Cumbria Integrated Care Board,13641084992,255681299,1,1
2015,E38000113,NHS Newham CCG,36243453,E54000029,NHS North East London Integrated Care Board,321568216.3,36185779.74,1,1
2020,E38000239,NHS Norfolk and Waveney CCG,5741726593,E54000022,NHS Norfolk and Waveney Integrated Care Board,5753486117,5736044629,1,1
2015,E38000114,NHS North & West Reading CCG,158612000,E54000044,"NHS Buckinghamshire, Oxfordshire and Berkshire West Integrated Care Board",5004608654,158608256.2,1,1
2020,E38000240,NHS North Central London CCG,235198146.4,E54000028,NHS North Central London Integrated Care Board,235215650,235048911.9,1,1
2018,E38000215,NHS North Cumbria CCG,5043171161,E54000050,NHS North East and North Cumbria Integrated Care Board,13641084992,5038283063,1,1
2015,E38000115,NHS North Derbyshire CCG,1133594297,E54000058,NHS Derby and Derbyshire Integrated Care Board,2628771972,1133476004,1,1
2015,E38000116,NHS North Durham CCG,525017117,E54000050,NHS North East and North Cumbria Integrated Care Board,13641084992,525017095.8,1,1
2015,E38000117,NHS North East Essex CCG,670896817,E54000023,NHS Suffolk and North East Essex Integrated Care Board,4098883007,666677099.1,1,1
2015,E38000118,NHS North East Hampshire and Farnham CCG,186347256,E54000034,NHS Frimley Integrated Care Board,602613466.9,186272333.5,1,1
2015,E38000119,NHS North East Lincolnshire CCG,191848125,E54000051,NHS Humber and North Yorkshire Integrated Care Board,10648894983,191764987.1,1,1
2021,E38000255,NHS North East London CCG,321568106.8,E54000029,NHS North East London Integrated Care Board,321568216.3,321567894.5,1,1
2015,E38000120,NHS North Hampshire CCG,860852871,E54000042,NHS Hampshire and Isle of Wight Integrated Care Board,4027140314,860758229.3,1,1
2015,E38000121,NHS North Kirklees CCG,94347087,E54000054,NHS West Yorkshire Integrated Care Board,3069634170,94347087.11,1,1
2015,E38000122,NHS North Lincolnshire CCG,846310475,E54000051,NHS Humber and North Yorkshire Integrated Care Board,10648894983,845993321.1,1,1
2015,E38000123,NHS North Manchester CCG,42477640,E54000057,NHS Greater Manchester Integrated Care Board,1275985675,42477640.2,1,1
2015,E38000124,NHS North Norfolk CCG,1481381316,E54000022,NHS Norfolk and Waveney Integrated Care Board,5753486117,1478842975,1,1
2015,E38000125,NHS North Somerset CCG,374698520,E54000039,"NHS Bristol, North Somerset and South Gloucestershire Integrated Care Board",981364247.8,374345462.4,1,1
2015,E38000126,NHS North Staffordshire CCG,738522260,E54000010,NHS Staffordshire and Stoke-on-Trent Integrated Care Board,2716660099,738427502.1,1,1
2015,E38000127,NHS North Tyneside CCG,82389046,E54000050,NHS North East and North Cumbria Integrated Care Board,13641084992,82241523.55,1,1
2021,E38000256,NHS North West London CCG,370844660.4,E54000027,NHS North West London Integrated Care Board,370844697.6,370844608.5,1,1
2015,E38000128,NHS North West Surrey CCG,261956136,E54000052,NHS Surrey Heartlands Integrated Care Board,1595756314,261895708.5,1,1
2020,E38000241,NHS North Yorkshire CCG,5174828936,E54000051,NHS Humber and North Yorkshire Integrated Care Board,10648894983,5173935690,1,1
2020,E38000242,NHS Northamptonshire CCG,2081596025,E54000059,NHS Northamptonshire Integrated Care Board,2367031405,2081347758,1,1
2015,E38000129,"NHS Northern, Eastern and West Devon CCG",5821777885,E54000037,NHS Devon Integrated Care Board,6709220074,5821547210,1,1
2015,E38000130,NHS Northumberland CCG,5025309811,E54000050,NHS North East and North Cumbria Integrated Care Board,13641084992,5025309811,1,1
2015,E38000131,NHS Norwich CCG,74985467,E54000022,NHS Norfolk and Waveney Integrated Care Board,5753486117,74841869.16,1,1
2017,E38000218,NHS Norwich CCG,74985467,E54000022,NHS Norfolk and Waveney Integrated Care Board,5753486117,74841869.16,1,1
2020,E38000243,NHS Nottingham and Nottinghamshire CCG,1521492077,E54000060,NHS Nottingham and Nottinghamshire Integrated Care Board,2159491024,1521292381,1,1
2015,E38000132,NHS Nottingham City CCG,74608481,E54000060,NHS Nottingham and Nottinghamshire Integrated Care Board,2159491024,74608481.37,1,1
2015,E38000133,NHS Nottingham North and East CCG,156416401,E54000060,NHS Nottingham and Nottinghamshire Integrated Care Board,2159491024,156416400.6,1,1
2015,E38000134,NHS Nottingham West CCG,80118451,E54000060,NHS Nottingham and Nottinghamshire Integrated Care Board,2159491024,80070666.39,1,1
2015,E38000135,NHS Oldham CCG,142351606,E54000057,NHS Greater Manchester Integrated Care Board,1275985675,142346361.3,1,1
2015,E38000136,NHS Oxfordshire CCG,2523678180,E54000044,"NHS Buckinghamshire, Oxfordshire and Berkshire West Integrated Care Board",5004608654,2523513798,1,1
2015,E38000137,NHS Portsmouth CCG,40377446,E54000042,NHS Hampshire and Isle of Wight Integrated Care Board,4027140314,40199032.13,1,1
2015,E38000138,NHS Redbridge CCG,56409910,E54000029,NHS North East London Integrated Care Board,321568216.3,56361391.46,1,1
2015,E38000139,NHS Redditch and Bromsgrove CCG,271256815,E54000019,NHS Herefordshire and Worcestershire Integrated Care Board,3920250222,271191626.5,1,1
2015,E38000140,NHS Richmond CCG,57388698,E54000031,NHS South West London Integrated Care Board,296872004.9,57254417.42,1,1
2015,E38000141,NHS Rotherham CCG,286511717,E54000061,NHS South Yorkshire Integrated Care Board,1551430164,286479480.4,1,1
2015,E38000142,NHS Rushcliffe CCG,409197837,E54000060,NHS Nottingham and Nottinghamshire Integrated Care Board,2159491024,409137973.5,1,1
2015,E38000143,NHS Salford CCG,97204982,E54000057,NHS Greater Manchester Integrated Care Board,1275985675,97191021.54,1,1
2015,E38000144,NHS Sandwell and West Birmingham CCG,118514222,E54000055,NHS Birmingham and Solihull Integrated Care Board,446068765.3,32947768.09,0.27800687,0.351415173
2015,E38000144,NHS Sandwell and West Birmingham CCG,118514222,E54000062,NHS Black Country Integrated Care Board,356934782.5,85566454.38,0.72199313,0.648584827
2015,E38000145,NHS Scarborough and Ryedale CCG,1029250574,E54000051,NHS Humber and North Yorkshire Integrated Care Board,10648894983,1028906332,1,1
2015,E38000146,NHS Sheffield CCG,367922884,E54000061,NHS South Yorkshire Integrated Care Board,1551430164,367855113.2,1,1
2015,E38000147,NHS Shropshire CCG,3197195917,E54000011,"NHS Shropshire, Telford and Wrekin Integrated Care Board",3487715334,3197023757,1,1
2021,E38000257,"NHS Shropshire, Telford and Wrekin CCG",3487715334,E54000011,"NHS Shropshire, Telford and Wrekin Integrated Care Board",3487715334,3487715334,1,1
2015,E38000148,NHS Slough CCG,32522076,E54000034,NHS Frimley Integrated Care Board,602613466.9,32466610.22,1,1
2015,E38000149,NHS Solihull CCG,178286674,E54000055,NHS Birmingham and Solihull Integrated Care Board,446068765.3,178232814,1,1
2015,E38000150,NHS Somerset CCG,3450904002,E54000038,NHS Somerset Integrated Care Board,3451809266,3450570307,1,1
2015,E38000151,NHS South Cheshire CCG,540953222,E54000008,NHS Cheshire and Merseyside Integrated Care Board,2998139284,540906384.7,1,1
2015,E38000152,NHS South Devon and Torbay CCG,885912352,E54000037,NHS Devon Integrated Care Board,6709220074,885067894,1,1
2020,E38000244,NHS South East London CCG,348855792.8,E54000030,NHS South East London Integrated Care Board,348819605.6,348604682.4,1,1
2015,E38000153,NHS South East Staffordshire and Seisdon Peninsular CCG,461837699,E54000010,NHS Staffordshire and Stoke-on-Trent Integrated Care Board,2716660099,461638044.4,1,1
2015,E38000154,NHS South Eastern Hampshire CCG,349094698,E54000042,NHS Hampshire and Isle of Wight Integrated Care Board,4027140314,348830786.7,1,1
2015,E38000155,NHS South Gloucestershire CCG,496943635,E54000039,"NHS Bristol, North Somerset and South Gloucestershire Integrated Care Board",981364247.8,496810662,1,1
2015,E38000156,NHS South Kent Coast CCG,538425889,E54000032,NHS Kent and Medway Integrated Care Board,3738569718,537778735.3,1,1
2015,E38000157,NHS South Lincolnshire CCG,912937060,E54000013,NHS Lincolnshire Integrated Care Board,5935876033,912190429.4,1,1
2015,E38000158,NHS South Manchester CCG,44936318,E54000057,NHS Greater Manchester Integrated Care Board,1275985675,44928981.2,1,1
2015,E38000159,NHS South Norfolk CCG,1710706245,E54000022,NHS Norfolk and Waveney Integrated Care Board,5753486117,1710309616,1,1
2017,E38000219,NHS South Norfolk CCG,1710706245,E54000022,NHS Norfolk and Waveney Integrated Care Board,5753486117,1710309616,1,1
2015,E38000160,NHS South Reading CCG,25006396,E54000044,"NHS Buckinghamshire, Oxfordshire and Berkshire West Integrated Care Board",5004608654,25006396.12,1,1
2015,E38000161,NHS South Sefton CCG,75035153,E54000008,NHS Cheshire and Merseyside Integrated Care Board,2998139284,74947631.38,1,1
2015,E38000162,NHS South Tees CCG,298704793,E54000050,NHS North East and North Cumbria Integrated Care Board,13641084992,298471371.1,1,1
2015,E38000163,NHS South Tyneside CCG,64443518,E54000050,NHS North East and North Cumbria Integrated Care Board,13641084992,64330559.02,1,1
2015,E38000164,NHS South Warwickshire CCG,1260837055,E54000018,NHS Coventry and Warwickshire Integrated Care Board,2076237489,1260619971,1,1
2015,E38000165,NHS South West Lincolnshire CCG,1218689948,E54000013,NHS Lincolnshire Integrated Care Board,5935876033,1218650580,1,1
2020,E38000245,NHS South West London CCG,296898223.4,E54000031,NHS South West London Integrated Care Board,296872004.9,296605589.2,1,1
2015,E38000166,NHS South Worcestershire CCG,1273786720,E54000019,NHS Herefordshire and Worcestershire Integrated Care Board,3920250222,1273655567,1,1
2015,E38000167,NHS Southampton CCG,49884726,E54000042,NHS Hampshire and Isle of Wight Integrated Care Board,4027140314,49768509.59,1,1
2015,E38000168,NHS Southend CCG,41782482,E54000026,NHS Mid and South Essex Integrated Care Board,1991384581,41599251.32,1,1
2015,E38000169,NHS Southern Derbyshire CCG,1091945305,E54000058,NHS Derby and Derbyshire Integrated Care Board,2628771972,1091729352,1,1
2015,E38000170,NHS Southport and Formby CCG,78046267,E54000008,NHS Cheshire and Merseyside Integrated Care Board,2998139284,77327341.44,1,1
2015,E38000171,NHS Southwark CCG,28844797,E54000030,NHS South East London Integrated Care Board,348819605.6,28822127.57,1,1
2015,E38000172,NHS St Helens CCG,136421397,E54000008,NHS Cheshire and Merseyside Integrated Care Board,2998139284,136382214.2,1,1
2015,E38000173,NHS Stafford and Surrounds CCG,765470163,E54000010,NHS Staffordshire and Stoke-on-Trent Integrated Care Board,2716660099,765415957.5,1,1
2015,E38000174,NHS Stockport CCG,126072213,E54000057,NHS Greater Manchester Integrated Care Board,1275985675,126032388.8,1,1
2015,E38000175,NHS Stoke on Trent CCG,141677417,E54000010,NHS Staffordshire and Stoke-on-Trent Integrated Care Board,2716660099,141677417.1,1,1
2015,E38000176,NHS Sunderland CCG,137431326,E54000050,NHS North East and North Cumbria Integrated Care Board,13641084992,137314359.6,1,1
2015,E38000177,NHS Surrey Downs CCG,405020272,E54000052,NHS Surrey Heartlands Integrated Care Board,1595756314,404924536.9,1,1
2020,E38000246,NHS Surrey Heartlands CCG,1595718627,E54000052,NHS Surrey Heartlands Integrated Care Board,1595756314,1595395529,1,1
2015,E38000178,NHS Surrey Heath CCG,66822769,E54000034,NHS Frimley Integrated Care Board,602613466.9,66767913.44,1,1
2015,E38000179,NHS Sutton CCG,43855413,E54000031,NHS South West London Integrated Care Board,296872004.9,43827538.75,1,1
2015,E38000180,NHS Swale CCG,211377323,E54000032,NHS Kent and Medway Integrated Care Board,3738569718,210007207.2,1,1
2015,E38000181,NHS Swindon CCG,260074567,E54000040,"NHS Bath and North East Somerset, Swindon and Wiltshire Integrated Care Board",3866570842,260041346.4,1,1
2015,E38000182,NHS Tameside and Glossop CCG,229191256,E54000058,NHS Derby and Derbyshire Integrated Care Board,2628771972,126012428.3,0.549827299,0.128888735
2015,E38000182,NHS Tameside and Glossop CCG,229191256,E54000057,NHS Greater Manchester Integrated Care Board,1275985675,103173042.2,0.450172701,0.871111265
2020,E38000247,NHS Tees Valley CCG,793910614.1,E54000050,NHS North East and North Cumbria Integrated Care Board,13641084992,793407384.6,1,1
2015,E38000183,NHS Telford and Wrekin CCG,290296903,E54000011,"NHS Shropshire, Telford and Wrekin Integrated Care Board",3487715334,290290956.2,1,1
2015,E38000184,NHS Thanet CCG,103359112,E54000032,NHS Kent and Medway Integrated Care Board,3738569718,103201658.7,1,1
2015,E38000185,NHS Thurrock CCG,163415324,E54000026,NHS Mid and South Essex Integrated Care Board,1991384581,162866776.2,1,1
2015,E38000186,NHS Tower Hamlets CCG,19745348,E54000029,NHS North East London Integrated Care Board,321568216.3,19692195.46,1,1
2015,E38000187,NHS Trafford CCG,106013222,E54000057,NHS Greater Manchester Integrated Care Board,1275985675,105985359.3,1,1
2015,E38000188,NHS Vale of York CCG,2217251941,E54000051,NHS Humber and North Yorkshire Integrated Care Board,10648894983,2217187735,1,1
2015,E38000189,NHS Vale Royal CCG,248523568,E54000008,NHS Cheshire and Merseyside Integrated Care Board,2998139284,248523568,1,1
2015,E38000190,NHS Wakefield CCG,338566019,E54000054,NHS West Yorkshire Integrated Care Board,3069634170,338501146.9,1,1
2015,E38000191,NHS Walsall CCG,103984376,E54000062,NHS Black Country Integrated Care Board,356934782.5,103942180.1,1,1
2015,E38000192,NHS Waltham Forest CCG,38813611,E54000029,NHS North East London Integrated Care Board,321568216.3,38796551.72,1,1
2015,E38000193,NHS Wandsworth CCG,34260757,E54000031,NHS South West London Integrated Care Board,296872004.9,34218148.72,1,1
2015,E38000194,NHS Warrington CCG,180592283,E54000008,NHS Cheshire and Merseyside Integrated Care Board,2998139284,180509216,1,1
2015,E38000195,NHS Warwickshire North CCG,363228732,E54000018,NHS Coventry and Warwickshire Integrated Care Board,2076237489,363143845,1,1
2015,E38000196,NHS West Cheshire CCG,668088328,E54000008,NHS Cheshire and Merseyside Integrated Care Board,2998139284,667858479.5,1,1
2015,E38000197,NHS West Essex CCG,1010605377,E54000025,NHS Hertfordshire and West Essex Integrated Care Board,2581217697,1010473036,1,1
2015,E38000198,NHS West Hampshire CCG,2246756427,E54000042,NHS Hampshire and Isle of Wight Integrated Care Board,4027140314,2246593971,1,1
2015,E38000199,NHS West Kent CCG,1238877820,E54000032,NHS Kent and Medway Integrated Care Board,3738569718,1238738668,1,1
2015,E38000200,NHS West Lancashire CCG,346743753,E54000048,NHS Lancashire and South Cumbria Integrated Care Board,4985443361,346141573.5,1,1
2015,E38000201,NHS West Leicestershire CCG,879066379,E54000015,"NHS Leicester, Leicestershire and Rutland Integrated Care Board",2550861259,878908577.7,1,1
2015,E38000202,NHS West London CCG,15332891,E54000027,NHS North West London Integrated Care Board,370844697.6,15328989.07,1,1
2015,E38000203,NHS West Norfolk CCG,1940392937,E54000022,NHS Norfolk and Waveney Integrated Care Board,5753486117,1938629753,1,1
2015,E38000204,NHS West Suffolk CCG,1224291870,E54000023,NHS Suffolk and North East Essex Integrated Care Board,4098883007,1224099522,1,1
2020,E38000248,NHS West Sussex CCG,1923467786,E54000053,NHS Sussex Integrated Care Board,3719683667,1921616086,1,1
2015,E38000205,NHS Wigan Borough CCG,188173280,E54000057,NHS Greater Manchester Integrated Care Board,1275985675,188104597.6,1,1
2015,E38000206,NHS Wiltshire CCG,3255324009,E54000040,"NHS Bath and North East Somerset, Swindon and Wiltshire Integrated Care Board",3866570842,3255048323,1,1
2015,E38000207,"NHS Windsor, Ascot and Maidenhead CCG",188287469,E54000034,NHS Frimley Integrated Care Board,602613466.9,188211108.2,1,1
2015,E38000208,NHS Wirral CCG,157068708,E54000008,NHS Cheshire and Merseyside Integrated Care Board,2998139284,156878043.2,1,1
2015,E38000209,NHS Wokingham CCG,178962140,E54000044,"NHS Buckinghamshire, Oxfordshire and Berkshire West Integrated Care Board",5004608654,178923037.7,1,1
2015,E38000210,NHS Wolverhampton CCG,69428737,E54000062,NHS Black Country Integrated Care Board,356934782.5,69386916.9,1,1
2015,E38000211,NHS Wyre Forest CCG,195415479,E54000019,NHS Herefordshire and Worcestershire Integrated Care Board,3920250222,195387877.4,1,1
