"","FINANCIAL_YR","ICB","SUB_ICB_CODE","SUB_ICB_ONS_CODE","DENTAL_TREATMENT_BAND","VALUE","POP","ChargePer1000"
"1","2019","BIRMINGHAM AND SOLIHULL","15E","E38000220","Band 1",4373692.45,1175256,3721.48
"2","2019","BIRMINGHAM AND SOLIHULL","15E","E38000220","Band 2",4991301.59,1175256,4246.99
"3","2019","BIRMINGHAM AND SOLIHULL","15E","E38000220","Band 3",4235507.45,1175256,3603.9
"4","2019","BIRMINGHAM AND SOLIHULL","15E","E38000220","NonBanded",23644.5,1175256,20.12
"5","2019","BIRMINGHAM AND SOLIHULL","15E","E38000220","Total",14220536.5,1175256,12099.95
"6","2019","BIRMINGHAM AND SOLIHULL","15E","E38000220","Urgent",596390.51,1175256,507.46
"7","2019","BLACK COUNTRY","05C","E38000046","Band 1",1851752.89,1361898,1359.69
"8","2019","BLACK COUNTRY","05C","E38000046","Band 2",2007469.38,1361898,1474.02
"9","2019","BLACK COUNTRY","05C","E38000046","Band 3",1912437.04,1361898,1404.24
"10","2019","BLACK COUNTRY","05C","E38000046","NonBanded",4595.5,1361898,3.37
"11","2019","BLACK COUNTRY","05C","E38000046","Total",6018229.6,1361898,4419
"12","2019","BLACK COUNTRY","05C","E38000046","Urgent",241974.79,1361898,177.67
"13","2019","BLACK COUNTRY","05L","E38000144","Band 1",1341541.95,1361898,985.05
"14","2019","BLACK COUNTRY","05L","E38000144","Band 2",2372588.36,1361898,1742.12
"15","2019","BLACK COUNTRY","05L","E38000144","Band 3",2146829.49,1361898,1576.35
"16","2019","BLACK COUNTRY","05L","E38000144","NonBanded",9059.4,1361898,6.65
"17","2019","BLACK COUNTRY","05L","E38000144","Total",6076533.47,1361898,4461.81
"18","2019","BLACK COUNTRY","05L","E38000144","Urgent",206514.27,1361898,151.64
"19","2019","BLACK COUNTRY","05Y","E38000191","Band 1",931412.63,1361898,683.91
"20","2019","BLACK COUNTRY","05Y","E38000191","Band 2",1224367.08,1361898,899.02
"21","2019","BLACK COUNTRY","05Y","E38000191","Band 3",1013583.02,1361898,744.24
"22","2019","BLACK COUNTRY","05Y","E38000191","NonBanded",4595.5,1361898,3.37
"23","2019","BLACK COUNTRY","05Y","E38000191","Total",3305026.73,1361898,2426.78
"24","2019","BLACK COUNTRY","05Y","E38000191","Urgent",131068.5,1361898,96.24
"25","2019","BLACK COUNTRY","06A","E38000210","Band 1",1097531.36,1361898,805.88
"26","2019","BLACK COUNTRY","06A","E38000210","Band 2",1404119.61,1361898,1031
"27","2019","BLACK COUNTRY","06A","E38000210","Band 3",1027491.57,1361898,754.46
"28","2019","BLACK COUNTRY","06A","E38000210","NonBanded",10520.5,1361898,7.72
"29","2019","BLACK COUNTRY","06A","E38000210","Total",3692850.53,1361898,2711.55
"30","2019","BLACK COUNTRY","06A","E38000210","Urgent",153187.49,1361898,112.48
"31","2019","COVENTRY AND WARWICKSHIRE","05A","E38000038","Band 1",2121810.12,924711,2294.57
"32","2019","COVENTRY AND WARWICKSHIRE","05A","E38000038","Band 2",2379028.28,924711,2572.73
"33","2019","COVENTRY AND WARWICKSHIRE","05A","E38000038","Band 3",2040832.37,924711,2206.99
"34","2019","COVENTRY AND WARWICKSHIRE","05A","E38000038","NonBanded",8125.5,924711,8.79
"35","2019","COVENTRY AND WARWICKSHIRE","05A","E38000038","Total",6734808.34,924711,7283.15
"36","2019","COVENTRY AND WARWICKSHIRE","05A","E38000038","Urgent",185012.07,924711,200.08
"37","2019","COVENTRY AND WARWICKSHIRE","05H","E38000195","Band 1",1313444.66,924711,1420.38
"38","2019","COVENTRY AND WARWICKSHIRE","05H","E38000195","Band 2",1224692.16,924711,1324.41
"39","2019","COVENTRY AND WARWICKSHIRE","05H","E38000195","Band 3",941051.63,924711,1017.67
"40","2019","COVENTRY AND WARWICKSHIRE","05H","E38000195","NonBanded",3445.7,924711,3.73
"41","2019","COVENTRY AND WARWICKSHIRE","05H","E38000195","Total",3597820.45,924711,3890.75
"42","2019","COVENTRY AND WARWICKSHIRE","05H","E38000195","Urgent",115186.3,924711,124.56
"43","2019","COVENTRY AND WARWICKSHIRE","05R","E38000164","Band 1",1917600.9,924711,2073.73
"44","2019","COVENTRY AND WARWICKSHIRE","05R","E38000164","Band 2",1733686.32,924711,1874.84
"45","2019","COVENTRY AND WARWICKSHIRE","05R","E38000164","Band 3",1259733.03,924711,1362.3
"46","2019","COVENTRY AND WARWICKSHIRE","05R","E38000164","NonBanded",4434.3,924711,4.8
"47","2019","COVENTRY AND WARWICKSHIRE","05R","E38000164","Total",5155480.86,924711,5575.23
"48","2019","COVENTRY AND WARWICKSHIRE","05R","E38000164","Urgent",240026.31,924711,259.57
"49","2019","HEREFORDSHIRE AND WORCESTERSHIRE","05F","E38000078","Band 1",926588.79,779411,1188.83
"50","2019","HEREFORDSHIRE AND WORCESTERSHIRE","05F","E38000078","Band 2",963711.62,779411,1236.46
"51","2019","HEREFORDSHIRE AND WORCESTERSHIRE","05F","E38000078","Band 3",598294.86,779411,767.62
"52","2019","HEREFORDSHIRE AND WORCESTERSHIRE","05F","E38000078","NonBanded",1765,779411,2.26
"53","2019","HEREFORDSHIRE AND WORCESTERSHIRE","05F","E38000078","Total",2760156.87,779411,3541.34
"54","2019","HEREFORDSHIRE AND WORCESTERSHIRE","05F","E38000078","Urgent",269796.6,779411,346.15
"55","2019","HEREFORDSHIRE AND WORCESTERSHIRE","05J","E38000139","Band 1",1080627.33,779411,1386.47
"56","2019","HEREFORDSHIRE AND WORCESTERSHIRE","05J","E38000139","Band 2",1065754.78,779411,1367.38
"57","2019","HEREFORDSHIRE AND WORCESTERSHIRE","05J","E38000139","Band 3",802850.99,779411,1030.07
"58","2019","HEREFORDSHIRE AND WORCESTERSHIRE","05J","E38000139","NonBanded",3833.9,779411,4.92
"59","2019","HEREFORDSHIRE AND WORCESTERSHIRE","05J","E38000139","Total",3050968.27,779411,3914.45
"60","2019","HEREFORDSHIRE AND WORCESTERSHIRE","05J","E38000139","Urgent",97901.27,779411,125.61
"61","2019","HEREFORDSHIRE AND WORCESTERSHIRE","05T","E38000166","Band 1",1618308.16,779411,2076.32
"62","2019","HEREFORDSHIRE AND WORCESTERSHIRE","05T","E38000166","Band 2",1813545.78,779411,2326.82
"63","2019","HEREFORDSHIRE AND WORCESTERSHIRE","05T","E38000166","Band 3",1637469.61,779411,2100.91
"64","2019","HEREFORDSHIRE AND WORCESTERSHIRE","05T","E38000166","NonBanded",7588.1,779411,9.74
"65","2019","HEREFORDSHIRE AND WORCESTERSHIRE","05T","E38000166","Total",5328300.39,779411,6836.32
"66","2019","HEREFORDSHIRE AND WORCESTERSHIRE","05T","E38000166","Urgent",251388.74,779411,322.54
"67","2019","HEREFORDSHIRE AND WORCESTERSHIRE","06D","E38000211","Band 1",490039.99,779411,628.73
"68","2019","HEREFORDSHIRE AND WORCESTERSHIRE","06D","E38000211","Band 2",536672.9,779411,688.56
"69","2019","HEREFORDSHIRE AND WORCESTERSHIRE","06D","E38000211","Band 3",423321.22,779411,543.13
"70","2019","HEREFORDSHIRE AND WORCESTERSHIRE","06D","E38000211","NonBanded",1153.5,779411,1.48
"71","2019","HEREFORDSHIRE AND WORCESTERSHIRE","06D","E38000211","Total",1535584.59,779411,1970.19
"72","2019","HEREFORDSHIRE AND WORCESTERSHIRE","06D","E38000211","Urgent",84396.98,779411,108.28
"73","2019","SHROPSHIRE, TELFORD AND WREKIN","05N","E38000147","Band 1",1663092.23,493227,3371.86
"74","2019","SHROPSHIRE, TELFORD AND WREKIN","05N","E38000147","Band 2",2012909.88,493227,4081.1
"75","2019","SHROPSHIRE, TELFORD AND WREKIN","05N","E38000147","Band 3",1158032.88,493227,2347.87
"76","2019","SHROPSHIRE, TELFORD AND WREKIN","05N","E38000147","NonBanded",3749.6,493227,7.6
"77","2019","SHROPSHIRE, TELFORD AND WREKIN","05N","E38000147","Total",5130048.58,493227,10400.99
"78","2019","SHROPSHIRE, TELFORD AND WREKIN","05N","E38000147","Urgent",292263.99,493227,592.55
"79","2019","SHROPSHIRE, TELFORD AND WREKIN","05X","E38000183","Band 1",1131489.23,493227,2294.05
"80","2019","SHROPSHIRE, TELFORD AND WREKIN","05X","E38000183","Band 2",1176955.64,493227,2386.24
"81","2019","SHROPSHIRE, TELFORD AND WREKIN","05X","E38000183","Band 3",829647.71,493227,1682.08
"82","2019","SHROPSHIRE, TELFORD AND WREKIN","05X","E38000183","NonBanded",4295.3,493227,8.71
"83","2019","SHROPSHIRE, TELFORD AND WREKIN","05X","E38000183","Total",3309083.95,493227,6709.05
"84","2019","SHROPSHIRE, TELFORD AND WREKIN","05X","E38000183","Urgent",166696.07,493227,337.97
"85","2019","STAFFORDSHIRE AND STOKE-ON-TRENT","04Y","E38000028","Band 1",718087.3,1126203,637.62
"86","2019","STAFFORDSHIRE AND STOKE-ON-TRENT","04Y","E38000028","Band 2",933853.75,1126203,829.21
"87","2019","STAFFORDSHIRE AND STOKE-ON-TRENT","04Y","E38000028","Band 3",674766.28,1126203,599.15
"88","2019","STAFFORDSHIRE AND STOKE-ON-TRENT","04Y","E38000028","NonBanded",2453.4,1126203,2.18
"89","2019","STAFFORDSHIRE AND STOKE-ON-TRENT","04Y","E38000028","Total",2410109.77,1126203,2140.03
"90","2019","STAFFORDSHIRE AND STOKE-ON-TRENT","04Y","E38000028","Urgent",80949.04,1126203,71.88
"91","2019","STAFFORDSHIRE AND STOKE-ON-TRENT","05D","E38000053","Band 1",794146.5,1126203,705.15
"92","2019","STAFFORDSHIRE AND STOKE-ON-TRENT","05D","E38000053","Band 2",831949.11,1126203,738.72
"93","2019","STAFFORDSHIRE AND STOKE-ON-TRENT","05D","E38000053","Band 3",394561.53,1126203,350.35
"94","2019","STAFFORDSHIRE AND STOKE-ON-TRENT","05D","E38000053","NonBanded",1453.7,1126203,1.29
"95","2019","STAFFORDSHIRE AND STOKE-ON-TRENT","05D","E38000053","Total",2106943.94,1126203,1870.84
"96","2019","STAFFORDSHIRE AND STOKE-ON-TRENT","05D","E38000053","Urgent",84833.1,1126203,75.33
"97","2019","STAFFORDSHIRE AND STOKE-ON-TRENT","05G","E38000126","Band 1",1425741.21,1126203,1265.97
"98","2019","STAFFORDSHIRE AND STOKE-ON-TRENT","05G","E38000126","Band 2",1342262.16,1126203,1191.85
"99","2019","STAFFORDSHIRE AND STOKE-ON-TRENT","05G","E38000126","Band 3",964520.11,1126203,856.44
"100","2019","STAFFORDSHIRE AND STOKE-ON-TRENT","05G","E38000126","NonBanded",3606.9,1126203,3.2
"101","2019","STAFFORDSHIRE AND STOKE-ON-TRENT","05G","E38000126","Total",3886035.14,1126203,3450.56
"102","2019","STAFFORDSHIRE AND STOKE-ON-TRENT","05G","E38000126","Urgent",149904.76,1126203,133.11
"103","2019","STAFFORDSHIRE AND STOKE-ON-TRENT","05Q","E38000153","Band 1",1445369.8,1126203,1283.4
"104","2019","STAFFORDSHIRE AND STOKE-ON-TRENT","05Q","E38000153","Band 2",1486148.83,1126203,1319.61
"105","2019","STAFFORDSHIRE AND STOKE-ON-TRENT","05Q","E38000153","Band 3",1023386.55,1126203,908.71
"106","2019","STAFFORDSHIRE AND STOKE-ON-TRENT","05Q","E38000153","NonBanded",2303.3,1126203,2.05
"107","2019","STAFFORDSHIRE AND STOKE-ON-TRENT","05Q","E38000153","Total",4102387.96,1126203,3642.67
"108","2019","STAFFORDSHIRE AND STOKE-ON-TRENT","05Q","E38000153","Urgent",145179.48,1126203,128.91
"109","2019","STAFFORDSHIRE AND STOKE-ON-TRENT","05V","E38000173","Band 1",818235.37,1126203,726.54
"110","2019","STAFFORDSHIRE AND STOKE-ON-TRENT","05V","E38000173","Band 2",959983.38,1126203,852.41
"111","2019","STAFFORDSHIRE AND STOKE-ON-TRENT","05V","E38000173","Band 3",565985.08,1126203,502.56
"112","2019","STAFFORDSHIRE AND STOKE-ON-TRENT","05V","E38000173","NonBanded",3145.5,1126203,2.79
"113","2019","STAFFORDSHIRE AND STOKE-ON-TRENT","05V","E38000173","Total",2483492.53,1126203,2205.19
"114","2019","STAFFORDSHIRE AND STOKE-ON-TRENT","05V","E38000173","Urgent",136143.2,1126203,120.89
"115","2019","STAFFORDSHIRE AND STOKE-ON-TRENT","05W","E38000175","Band 1",1487592.39,1126203,1320.89
"116","2019","STAFFORDSHIRE AND STOKE-ON-TRENT","05W","E38000175","Band 2",1675125.26,1126203,1487.41
"117","2019","STAFFORDSHIRE AND STOKE-ON-TRENT","05W","E38000175","Band 3",1100700.71,1126203,977.36
"118","2019","STAFFORDSHIRE AND STOKE-ON-TRENT","05W","E38000175","NonBanded",4364.8,1126203,3.88
"119","2019","STAFFORDSHIRE AND STOKE-ON-TRENT","05W","E38000175","Total",4456904.07,1126203,3957.46
"120","2019","STAFFORDSHIRE AND STOKE-ON-TRENT","05W","E38000175","Urgent",189120.91,1126203,167.93
"121","2019",NA,"03T","E38000099","Band 1",1376948.73,NA,NA
"122","2019",NA,"03T","E38000099","Band 2",1511172.85,NA,NA
"123","2019",NA,"03T","E38000099","Band 3",1074345.68,NA,NA
"124","2019",NA,"03T","E38000099","NonBanded",4526,NA,NA
"125","2019",NA,"03T","E38000099","Total",4129042.66,NA,NA
"126","2019",NA,"03T","E38000099","Urgent",162049.4,NA,NA
"127","2019",NA,"03V","E38000037","Band 1",301163.7,NA,NA
"128","2019",NA,"03V","E38000037","Band 2",336528.96,NA,NA
"129","2019",NA,"03V","E38000037","Band 3",255224.32,NA,NA
"130","2019",NA,"03V","E38000037","NonBanded",2065.2,NA,NA
"131","2019",NA,"03V","E38000037","Total",995742.18,NA,NA
"132","2019",NA,"03V","E38000037","Urgent",100760,NA,NA
"133","2019",NA,"03W","E38000051","Band 1",1866563.27,NA,NA
"134","2019",NA,"03W","E38000051","Band 2",1731259.31,NA,NA
"135","2019",NA,"03W","E38000051","Band 3",1235172.73,NA,NA
"136","2019",NA,"03W","E38000051","NonBanded",3683.8,NA,NA
"137","2019",NA,"03W","E38000051","Total",5077177.31,NA,NA
"138","2019",NA,"03W","E38000051","Urgent",240498.2,NA,NA
"139","2019",NA,"04C","E38000097","Band 1",1361789.58,NA,NA
"140","2019",NA,"04C","E38000097","Band 2",1590721.69,NA,NA
"141","2019",NA,"04C","E38000097","Band 3",970757.27,NA,NA
"142","2019",NA,"04C","E38000097","NonBanded",6675.5,NA,NA
"143","2019",NA,"04C","E38000097","Total",4233104.71,NA,NA
"144","2019",NA,"04C","E38000097","Urgent",303160.67,NA,NA
"145","2019",NA,"04D","E38000100","Band 1",1277776.88,NA,NA
"146","2019",NA,"04D","E38000100","Band 2",1418558.94,NA,NA
"147","2019",NA,"04D","E38000100","Band 3",820659.71,NA,NA
"148","2019",NA,"04D","E38000100","NonBanded",3987.7,NA,NA
"149","2019",NA,"04D","E38000100","Total",3701527.89,NA,NA
"150","2019",NA,"04D","E38000100","Urgent",180544.66,NA,NA
"151","2019",NA,"04E","E38000103","Band 1",952654.27,NA,NA
"152","2019",NA,"04E","E38000103","Band 2",1056651.82,NA,NA
"153","2019",NA,"04E","E38000103","Band 3",635147.01,NA,NA
"154","2019",NA,"04E","E38000103","NonBanded",1146.1,NA,NA
"155","2019",NA,"04E","E38000103","Total",2743148.87,NA,NA
"156","2019",NA,"04E","E38000103","Urgent",97549.67,NA,NA
"157","2019",NA,"04G","E38000108","Band 1",3263762.42,NA,NA
"158","2019",NA,"04G","E38000108","Band 2",3740790.27,NA,NA
"159","2019",NA,"04G","E38000108","Band 3",2587088.12,NA,NA
"160","2019",NA,"04G","E38000108","NonBanded",8517.4,NA,NA
"161","2019",NA,"04G","E38000108","Total",10103297.27,NA,NA
"162","2019",NA,"04G","E38000108","Urgent",503139.06,NA,NA
"163","2019",NA,"04H","E38000109","Band 1",691361.82,NA,NA
"164","2019",NA,"04H","E38000109","Band 2",628231.06,NA,NA
"165","2019",NA,"04H","E38000109","Band 3",310136.84,NA,NA
"166","2019",NA,"04H","E38000109","NonBanded",534.6,NA,NA
"167","2019",NA,"04H","E38000109","Total",1707378.22,NA,NA
"168","2019",NA,"04H","E38000109","Urgent",77113.9,NA,NA
"169","2019",NA,"04K","E38000132","Band 1",1468135.73,NA,NA
"170","2019",NA,"04K","E38000132","Band 2",1932882.35,NA,NA
"171","2019",NA,"04K","E38000132","Band 3",1272757.28,NA,NA
"172","2019",NA,"04K","E38000132","NonBanded",5379.3,NA,NA
"173","2019",NA,"04K","E38000132","Total",4910354.92,NA,NA
"174","2019",NA,"04K","E38000132","Urgent",231200.26,NA,NA
"175","2019",NA,"04L","E38000133","Band 1",1206124.77,NA,NA
"176","2019",NA,"04L","E38000133","Band 2",1060364.06,NA,NA
"177","2019",NA,"04L","E38000133","Band 3",818914.4,NA,NA
"178","2019",NA,"04L","E38000133","NonBanded",1226.7,NA,NA
"179","2019",NA,"04L","E38000133","Total",3229214,NA,NA
"180","2019",NA,"04L","E38000133","Urgent",142584.07,NA,NA
"181","2019",NA,"04M","E38000134","Band 1",648986.51,NA,NA
"182","2019",NA,"04M","E38000134","Band 2",688237.17,NA,NA
"183","2019",NA,"04M","E38000134","Band 3",427729.99,NA,NA
"184","2019",NA,"04M","E38000134","NonBanded",1076.6,NA,NA
"185","2019",NA,"04M","E38000134","Total",1816817.97,NA,NA
"186","2019",NA,"04M","E38000134","Urgent",50787.7,NA,NA
"187","2019",NA,"04N","E38000142","Band 1",655513.4,NA,NA
"188","2019",NA,"04N","E38000142","Band 2",531590.66,NA,NA
"189","2019",NA,"04N","E38000142","Band 3",368897.88,NA,NA
"190","2019",NA,"04N","E38000142","NonBanded",1677,NA,NA
"191","2019",NA,"04N","E38000142","Total",1617572.24,NA,NA
"192","2019",NA,"04N","E38000142","Urgent",59893.3,NA,NA
"193","2019",NA,"04Q","E38000165","Band 1",648706.92,NA,NA
"194","2019",NA,"04Q","E38000165","Band 2",577738.22,NA,NA
"195","2019",NA,"04Q","E38000165","Band 3",345877.96,NA,NA
"196","2019",NA,"04Q","E38000165","NonBanded",1999.4,NA,NA
"197","2019",NA,"04Q","E38000165","Total",1670900.8,NA,NA
"198","2019",NA,"04Q","E38000165","Urgent",96578.3,NA,NA
"199","2019",NA,"04V","E38000201","Band 1",2463254.41,NA,NA
"200","2019",NA,"04V","E38000201","Band 2",2481852.73,NA,NA
"201","2019",NA,"04V","E38000201","Band 3",1626145.89,NA,NA
"202","2019",NA,"04V","E38000201","NonBanded",3299.3,NA,NA
"203","2019",NA,"04V","E38000201","Total",6861719.21,NA,NA
"204","2019",NA,"04V","E38000201","Urgent",287166.88,NA,NA
"205","2019",NA,"15M","E38000229","Band 1",6324085.93,NA,NA
"206","2019",NA,"15M","E38000229","Band 2",6941183.82,NA,NA
"207","2019",NA,"15M","E38000229","Band 3",3769155.72,NA,NA
"208","2019",NA,"15M","E38000229","NonBanded",11179.3,NA,NA
"209","2019",NA,"15M","E38000229","Total",17813612.6,NA,NA
"210","2019",NA,"15M","E38000229","Urgent",768007.83,NA,NA
"211","2019",NA,"99D","E38000157","Band 1",949087.64,NA,NA
"212","2019",NA,"99D","E38000157","Band 2",958679.73,NA,NA
"213","2019",NA,"99D","E38000157","Band 3",554547.05,NA,NA
"214","2019",NA,"99D","E38000157","NonBanded",2226.4,NA,NA
"215","2019",NA,"99D","E38000157","Total",2567662.59,NA,NA
"216","2019",NA,"99D","E38000157","Urgent",103121.77,NA,NA
"217","2020","BIRMINGHAM AND SOLIHULL","15E","E38000220","Band 1",4480454.24,1179020,3800.15
"218","2020","BIRMINGHAM AND SOLIHULL","15E","E38000220","Band 2",4862068.05,1179020,4123.82
"219","2020","BIRMINGHAM AND SOLIHULL","15E","E38000220","Band 3",4296148.15,1179020,3643.83
"220","2020","BIRMINGHAM AND SOLIHULL","15E","E38000220","NonBanded",24533.7,1179020,20.81
"221","2020","BIRMINGHAM AND SOLIHULL","15E","E38000220","Total",14300714.73,1179020,12129.32
"222","2020","BIRMINGHAM AND SOLIHULL","15E","E38000220","Urgent",637510.59,1179020,540.71
"223","2020","BLACK COUNTRY","05C","E38000046","Band 1",1893403.19,1370653,1381.39
"224","2020","BLACK COUNTRY","05C","E38000046","Band 2",1972723.85,1370653,1439.26
"225","2020","BLACK COUNTRY","05C","E38000046","Band 3",1908228.72,1370653,1392.2
"226","2020","BLACK COUNTRY","05C","E38000046","NonBanded",5161,1370653,3.77
"227","2020","BLACK COUNTRY","05C","E38000046","Total",6041844.26,1370653,4408
"228","2020","BLACK COUNTRY","05C","E38000046","Urgent",262327.5,1370653,191.39
"229","2020","BLACK COUNTRY","05L","E38000144","Band 1",1392210.91,1370653,1015.73
"230","2020","BLACK COUNTRY","05L","E38000144","Band 2",2389438.76,1370653,1743.28
"231","2020","BLACK COUNTRY","05L","E38000144","Band 3",2099757.56,1370653,1531.94
"232","2020","BLACK COUNTRY","05L","E38000144","NonBanded",12635.7,1370653,9.22
"233","2020","BLACK COUNTRY","05L","E38000144","Total",6119221.82,1370653,4464.46
"234","2020","BLACK COUNTRY","05L","E38000144","Urgent",225178.89,1370653,164.29
"235","2020","BLACK COUNTRY","05Y","E38000191","Band 1",1024927.88,1370653,747.77
"236","2020","BLACK COUNTRY","05Y","E38000191","Band 2",1307296.94,1370653,953.78
"237","2020","BLACK COUNTRY","05Y","E38000191","Band 3",1076369.26,1370653,785.3
"238","2020","BLACK COUNTRY","05Y","E38000191","NonBanded",2982.1,1370653,2.18
"239","2020","BLACK COUNTRY","05Y","E38000191","Total",3556147.31,1370653,2594.49
"240","2020","BLACK COUNTRY","05Y","E38000191","Urgent",144571.13,1370653,105.48
"241","2020","BLACK COUNTRY","06A","E38000210","Band 1",1106631.66,1370653,807.38
"242","2020","BLACK COUNTRY","06A","E38000210","Band 2",1406042.37,1370653,1025.82
"243","2020","BLACK COUNTRY","06A","E38000210","Band 3",1034627.75,1370653,754.84
"244","2020","BLACK COUNTRY","06A","E38000210","NonBanded",6521.5,1370653,4.76
"245","2020","BLACK COUNTRY","06A","E38000210","Total",3728799.95,1370653,2720.46
"246","2020","BLACK COUNTRY","06A","E38000210","Urgent",174976.67,1370653,127.66
"247","2020","COVENTRY AND WARWICKSHIRE","05A","E38000038","Band 1",2242825.7,937795,2391.59
"248","2020","COVENTRY AND WARWICKSHIRE","05A","E38000038","Band 2",2370406.96,937795,2527.64
"249","2020","COVENTRY AND WARWICKSHIRE","05A","E38000038","Band 3",2041735.23,937795,2177.17
"250","2020","COVENTRY AND WARWICKSHIRE","05A","E38000038","NonBanded",9100.1,937795,9.7
"251","2020","COVENTRY AND WARWICKSHIRE","05A","E38000038","Total",6867992.98,937795,7323.55
"252","2020","COVENTRY AND WARWICKSHIRE","05A","E38000038","Urgent",203924.99,937795,217.45
"253","2020","COVENTRY AND WARWICKSHIRE","05H","E38000195","Band 1",1409779.66,937795,1503.29
"254","2020","COVENTRY AND WARWICKSHIRE","05H","E38000195","Band 2",1270154.1,937795,1354.4
"255","2020","COVENTRY AND WARWICKSHIRE","05H","E38000195","Band 3",963126.47,937795,1027.01
"256","2020","COVENTRY AND WARWICKSHIRE","05H","E38000195","NonBanded",2571,937795,2.74
"257","2020","COVENTRY AND WARWICKSHIRE","05H","E38000195","Total",3788621.13,937795,4039.92
"258","2020","COVENTRY AND WARWICKSHIRE","05H","E38000195","Urgent",142989.9,937795,152.47
"259","2020","COVENTRY AND WARWICKSHIRE","05R","E38000164","Band 1",1949904.43,937795,2079.24
"260","2020","COVENTRY AND WARWICKSHIRE","05R","E38000164","Band 2",1753024.68,937795,1869.3
"261","2020","COVENTRY AND WARWICKSHIRE","05R","E38000164","Band 3",1290310.5,937795,1375.9
"262","2020","COVENTRY AND WARWICKSHIRE","05R","E38000164","NonBanded",4823,937795,5.14
"263","2020","COVENTRY AND WARWICKSHIRE","05R","E38000164","Total",5266623.25,937795,5615.96
"264","2020","COVENTRY AND WARWICKSHIRE","05R","E38000164","Urgent",268560.64,937795,286.37
"265","2020","HEREFORDSHIRE AND WORCESTERSHIRE","18C","E38000236","Band 1",4184926.87,784164,5336.8
"266","2020","HEREFORDSHIRE AND WORCESTERSHIRE","18C","E38000236","Band 2",4364011.77,784164,5565.18
"267","2020","HEREFORDSHIRE AND WORCESTERSHIRE","18C","E38000236","Band 3",3402531.48,784164,4339.06
"268","2020","HEREFORDSHIRE AND WORCESTERSHIRE","18C","E38000236","NonBanded",12401.2,784164,15.81
"269","2020","HEREFORDSHIRE AND WORCESTERSHIRE","18C","E38000236","Total",12736621.1,784164,16242.29
"270","2020","HEREFORDSHIRE AND WORCESTERSHIRE","18C","E38000236","Urgent",772749.78,784164,985.44
"271","2020","SHROPSHIRE, TELFORD AND WREKIN","05N","E38000147","Band 1",1796003.47,498073,3605.9
"272","2020","SHROPSHIRE, TELFORD AND WREKIN","05N","E38000147","Band 2",1916136.84,498073,3847.1
"273","2020","SHROPSHIRE, TELFORD AND WREKIN","05N","E38000147","Band 3",1145701.18,498073,2300.27
"274","2020","SHROPSHIRE, TELFORD AND WREKIN","05N","E38000147","NonBanded",4023.6,498073,8.08
"275","2020","SHROPSHIRE, TELFORD AND WREKIN","05N","E38000147","Total",5158006.74,498073,10355.93
"276","2020","SHROPSHIRE, TELFORD AND WREKIN","05N","E38000147","Urgent",296141.65,498073,594.57
"277","2020","SHROPSHIRE, TELFORD AND WREKIN","05X","E38000183","Band 1",1184351.49,498073,2377.87
"278","2020","SHROPSHIRE, TELFORD AND WREKIN","05X","E38000183","Band 2",1133118.31,498073,2275
"279","2020","SHROPSHIRE, TELFORD AND WREKIN","05X","E38000183","Band 3",851622.03,498073,1709.83
"280","2020","SHROPSHIRE, TELFORD AND WREKIN","05X","E38000183","NonBanded",3120.7,498073,6.27
"281","2020","SHROPSHIRE, TELFORD AND WREKIN","05X","E38000183","Total",3354944.72,498073,6735.85
"282","2020","SHROPSHIRE, TELFORD AND WREKIN","05X","E38000183","Urgent",182732.19,498073,366.88
"283","2020","STAFFORDSHIRE AND STOKE-ON-TRENT","04Y","E38000028","Band 1",750971.69,1131052,663.96
"284","2020","STAFFORDSHIRE AND STOKE-ON-TRENT","04Y","E38000028","Band 2",928718.21,1131052,821.11
"285","2020","STAFFORDSHIRE AND STOKE-ON-TRENT","04Y","E38000028","Band 3",695973.76,1131052,615.33
"286","2020","STAFFORDSHIRE AND STOKE-ON-TRENT","04Y","E38000028","NonBanded",2175.1,1131052,1.92
"287","2020","STAFFORDSHIRE AND STOKE-ON-TRENT","04Y","E38000028","Total",2517887.28,1131052,2226.15
"288","2020","STAFFORDSHIRE AND STOKE-ON-TRENT","04Y","E38000028","Urgent",140048.52,1131052,123.82
"289","2020","STAFFORDSHIRE AND STOKE-ON-TRENT","05D","E38000053","Band 1",788474.02,1131052,697.12
"290","2020","STAFFORDSHIRE AND STOKE-ON-TRENT","05D","E38000053","Band 2",816103.73,1131052,721.54
"291","2020","STAFFORDSHIRE AND STOKE-ON-TRENT","05D","E38000053","Band 3",390973.41,1131052,345.67
"292","2020","STAFFORDSHIRE AND STOKE-ON-TRENT","05D","E38000053","NonBanded",1606.4,1131052,1.42
"293","2020","STAFFORDSHIRE AND STOKE-ON-TRENT","05D","E38000053","Total",2087341.96,1131052,1845.49
"294","2020","STAFFORDSHIRE AND STOKE-ON-TRENT","05D","E38000053","Urgent",90184.4,1131052,79.73
"295","2020","STAFFORDSHIRE AND STOKE-ON-TRENT","05G","E38000126","Band 1",1416901.9,1131052,1252.73
"296","2020","STAFFORDSHIRE AND STOKE-ON-TRENT","05G","E38000126","Band 2",1371221.2,1131052,1212.34
"297","2020","STAFFORDSHIRE AND STOKE-ON-TRENT","05G","E38000126","Band 3",931893.56,1131052,823.92
"298","2020","STAFFORDSHIRE AND STOKE-ON-TRENT","05G","E38000126","NonBanded",4096.7,1131052,3.62
"299","2020","STAFFORDSHIRE AND STOKE-ON-TRENT","05G","E38000126","Total",3887724.73,1131052,3437.26
"300","2020","STAFFORDSHIRE AND STOKE-ON-TRENT","05G","E38000126","Urgent",163611.37,1131052,144.65
"301","2020","STAFFORDSHIRE AND STOKE-ON-TRENT","05Q","E38000153","Band 1",1442584.54,1131052,1275.44
"302","2020","STAFFORDSHIRE AND STOKE-ON-TRENT","05Q","E38000153","Band 2",1457239.85,1131052,1288.39
"303","2020","STAFFORDSHIRE AND STOKE-ON-TRENT","05Q","E38000153","Band 3",997355.19,1131052,881.79
"304","2020","STAFFORDSHIRE AND STOKE-ON-TRENT","05Q","E38000153","NonBanded",4100.5,1131052,3.63
"305","2020","STAFFORDSHIRE AND STOKE-ON-TRENT","05Q","E38000153","Total",4045543.2,1131052,3576.8
"306","2020","STAFFORDSHIRE AND STOKE-ON-TRENT","05Q","E38000153","Urgent",144263.12,1131052,127.55
"307","2020","STAFFORDSHIRE AND STOKE-ON-TRENT","05V","E38000173","Band 1",833674.43,1131052,737.08
"308","2020","STAFFORDSHIRE AND STOKE-ON-TRENT","05V","E38000173","Band 2",961848.73,1131052,850.4
"309","2020","STAFFORDSHIRE AND STOKE-ON-TRENT","05V","E38000173","Band 3",561350.09,1131052,496.31
"310","2020","STAFFORDSHIRE AND STOKE-ON-TRENT","05V","E38000173","NonBanded",3689.4,1131052,3.26
"311","2020","STAFFORDSHIRE AND STOKE-ON-TRENT","05V","E38000173","Total",2445600.85,1131052,2162.24
"312","2020","STAFFORDSHIRE AND STOKE-ON-TRENT","05V","E38000173","Urgent",85038.2,1131052,75.19
"313","2020","STAFFORDSHIRE AND STOKE-ON-TRENT","05W","E38000175","Band 1",1540429.58,1131052,1361.94
"314","2020","STAFFORDSHIRE AND STOKE-ON-TRENT","05W","E38000175","Band 2",1618426.28,1131052,1430.9
"315","2020","STAFFORDSHIRE AND STOKE-ON-TRENT","05W","E38000175","Band 3",1121768.32,1131052,991.79
"316","2020","STAFFORDSHIRE AND STOKE-ON-TRENT","05W","E38000175","NonBanded",3308.7,1131052,2.93
"317","2020","STAFFORDSHIRE AND STOKE-ON-TRENT","05W","E38000175","Total",4494250.96,1131052,3973.51
"318","2020","STAFFORDSHIRE AND STOKE-ON-TRENT","05W","E38000175","Urgent",210318.08,1131052,185.95
"319","2020",NA,"03W","E38000051","Band 1",2006337.14,NA,NA
"320","2020",NA,"03W","E38000051","Band 2",1762705.07,NA,NA
"321","2020",NA,"03W","E38000051","Band 3",1173780.89,NA,NA
"322","2020",NA,"03W","E38000051","NonBanded",3700.8,NA,NA
"323","2020",NA,"03W","E38000051","Total",5206408.95,NA,NA
"324","2020",NA,"03W","E38000051","Urgent",259885.05,NA,NA
"325","2020",NA,"04C","E38000097","Band 1",1363657.1,NA,NA
"326","2020",NA,"04C","E38000097","Band 2",1533464.73,NA,NA
"327","2020",NA,"04C","E38000097","Band 3",950919.24,NA,NA
"328","2020",NA,"04C","E38000097","NonBanded",6602.2,NA,NA
"329","2020",NA,"04C","E38000097","Total",4173912.36,NA,NA
"330","2020",NA,"04C","E38000097","Urgent",319269.09,NA,NA
"331","2020",NA,"04V","E38000201","Band 1",2607962.71,NA,NA
"332","2020",NA,"04V","E38000201","Band 2",2457417,NA,NA
"333","2020",NA,"04V","E38000201","Band 3",1685284.02,NA,NA
"334","2020",NA,"04V","E38000201","NonBanded",3458.7,NA,NA
"335","2020",NA,"04V","E38000201","Total",7082489.49,NA,NA
"336","2020",NA,"04V","E38000201","Urgent",328367.06,NA,NA
"337","2020",NA,"15M","E38000229","Band 1",6545078.47,NA,NA
"338","2020",NA,"15M","E38000229","Band 2",6832669.89,NA,NA
"339","2020",NA,"15M","E38000229","Band 3",3704181.36,NA,NA
"340","2020",NA,"15M","E38000229","NonBanded",13354.4,NA,NA
"341","2020",NA,"15M","E38000229","Total",17870502.03,NA,NA
"342","2020",NA,"15M","E38000229","Urgent",775217.91,NA,NA
"343","2020",NA,"52R","E38000243","Band 1",5886474.25,NA,NA
"344","2020",NA,"52R","E38000243","Band 2",5891360.18,NA,NA
"345","2020",NA,"52R","E38000243","Band 3",3922657.97,NA,NA
"346","2020",NA,"52R","E38000243","NonBanded",13585.1,NA,NA
"347","2020",NA,"52R","E38000243","Total",16420584.94,NA,NA
"348","2020",NA,"52R","E38000243","Urgent",706507.44,NA,NA
"349","2020",NA,"71E","E38000238","Band 1",4495252.96,NA,NA
"350","2020",NA,"71E","E38000238","Band 2",4446024.79,NA,NA
"351","2020",NA,"71E","E38000238","Band 3",2986989.36,NA,NA
"352","2020",NA,"71E","E38000238","NonBanded",12201.8,NA,NA
"353","2020",NA,"71E","E38000238","Total",12537108.1,NA,NA
"354","2020",NA,"71E","E38000238","Urgent",596639.19,NA,NA
"355","2020",NA,"78H","E38000242","Band 1",3660127.26,NA,NA
"356","2020",NA,"78H","E38000242","Band 2",3960847.02,NA,NA
"357","2020",NA,"78H","E38000242","Band 3",2749538.05,NA,NA
"358","2020",NA,"78H","E38000242","NonBanded",12939.5,NA,NA
"359","2020",NA,"78H","E38000242","Total",11010785.05,NA,NA
"360","2020",NA,"78H","E38000242","Urgent",627333.22,NA,NA
"361","2021","BIRMINGHAM AND SOLIHULL","15E","E38000220","Band 1",720551.97,1180567,610.34
"362","2021","BIRMINGHAM AND SOLIHULL","15E","E38000220","Band 2",1432212.8,1180567,1213.16
"363","2021","BIRMINGHAM AND SOLIHULL","15E","E38000220","Band 3",1055466.91,1180567,894.03
"364","2021","BIRMINGHAM AND SOLIHULL","15E","E38000220","NonBanded",5230.4,1180567,4.43
"365","2021","BIRMINGHAM AND SOLIHULL","15E","E38000220","Total",4047568.69,1180567,3428.5
"366","2021","BIRMINGHAM AND SOLIHULL","15E","E38000220","Urgent",834106.61,1180567,706.53
"367","2021","BLACK COUNTRY","D2P2L","E38000250","Band 1",807111.48,1376504,586.35
"368","2021","BLACK COUNTRY","D2P2L","E38000250","Band 2",2047576.58,1376504,1487.52
"369","2021","BLACK COUNTRY","D2P2L","E38000250","Band 3",1610271.51,1376504,1169.83
"370","2021","BLACK COUNTRY","D2P2L","E38000250","NonBanded",6748.6,1376504,4.9
"371","2021","BLACK COUNTRY","D2P2L","E38000250","Total",5556893.44,1376504,4036.96
"372","2021","BLACK COUNTRY","D2P2L","E38000250","Urgent",1085185.27,1376504,788.36
"373","2021","COVENTRY AND WARWICKSHIRE","B2M3M","E38000251","Band 1",1014114.39,949454,1068.1
"374","2021","COVENTRY AND WARWICKSHIRE","B2M3M","E38000251","Band 2",1830171.46,949454,1927.6
"375","2021","COVENTRY AND WARWICKSHIRE","B2M3M","E38000251","Band 3",1227083.56,949454,1292.41
"376","2021","COVENTRY AND WARWICKSHIRE","B2M3M","E38000251","NonBanded",5625.7,949454,5.93
"377","2021","COVENTRY AND WARWICKSHIRE","B2M3M","E38000251","Total",4791979.15,949454,5047.09
"378","2021","COVENTRY AND WARWICKSHIRE","B2M3M","E38000251","Urgent",714984.04,949454,753.05
"379","2021","HEREFORDSHIRE AND WORCESTERSHIRE","18C","E38000236","Band 1",704964.11,788587,893.96
"380","2021","HEREFORDSHIRE AND WORCESTERSHIRE","18C","E38000236","Band 2",1409950.52,788587,1787.95
"381","2021","HEREFORDSHIRE AND WORCESTERSHIRE","18C","E38000236","Band 3",940723.86,788587,1192.92
"382","2021","HEREFORDSHIRE AND WORCESTERSHIRE","18C","E38000236","NonBanded",4491.8,788587,5.7
"383","2021","HEREFORDSHIRE AND WORCESTERSHIRE","18C","E38000236","Total",3777067.47,788587,4789.66
"384","2021","HEREFORDSHIRE AND WORCESTERSHIRE","18C","E38000236","Urgent",716937.18,788587,909.14
"385","2021","SHROPSHIRE, TELFORD AND WREKIN","M2L0M","E38000257","Band 1",627853.19,502990,1248.24
"386","2021","SHROPSHIRE, TELFORD AND WREKIN","M2L0M","E38000257","Band 2",969048,502990,1926.58
"387","2021","SHROPSHIRE, TELFORD AND WREKIN","M2L0M","E38000257","Band 3",592881.95,502990,1178.72
"388","2021","SHROPSHIRE, TELFORD AND WREKIN","M2L0M","E38000257","NonBanded",2695.9,502990,5.36
"389","2021","SHROPSHIRE, TELFORD AND WREKIN","M2L0M","E38000257","Total",2708534.21,502990,5384.87
"390","2021","SHROPSHIRE, TELFORD AND WREKIN","M2L0M","E38000257","Urgent",516055.17,502990,1025.98
"391","2021","STAFFORDSHIRE AND STOKE-ON-TRENT","04Y","E38000028","Band 1",141865.83,1135935,124.89
"392","2021","STAFFORDSHIRE AND STOKE-ON-TRENT","04Y","E38000028","Band 2",236528.87,1135935,208.22
"393","2021","STAFFORDSHIRE AND STOKE-ON-TRENT","04Y","E38000028","Band 3",184675.8,1135935,162.58
"394","2021","STAFFORDSHIRE AND STOKE-ON-TRENT","04Y","E38000028","NonBanded",730.4,1135935,0.64
"395","2021","STAFFORDSHIRE AND STOKE-ON-TRENT","04Y","E38000028","Total",736159.9,1135935,648.07
"396","2021","STAFFORDSHIRE AND STOKE-ON-TRENT","04Y","E38000028","Urgent",172359,1135935,151.73
"397","2021","STAFFORDSHIRE AND STOKE-ON-TRENT","05D","E38000053","Band 1",122412.02,1135935,107.76
"398","2021","STAFFORDSHIRE AND STOKE-ON-TRENT","05D","E38000053","Band 2",266047.9,1135935,234.21
"399","2021","STAFFORDSHIRE AND STOKE-ON-TRENT","05D","E38000053","Band 3",151181.1,1135935,133.09
"400","2021","STAFFORDSHIRE AND STOKE-ON-TRENT","05D","E38000053","NonBanded",564.9,1135935,0.5
"401","2021","STAFFORDSHIRE AND STOKE-ON-TRENT","05D","E38000053","Total",620855.42,1135935,546.56
"402","2021","STAFFORDSHIRE AND STOKE-ON-TRENT","05D","E38000053","Urgent",80649.5,1135935,71
"403","2021","STAFFORDSHIRE AND STOKE-ON-TRENT","05G","E38000126","Band 1",201821.83,1135935,177.67
"404","2021","STAFFORDSHIRE AND STOKE-ON-TRENT","05G","E38000126","Band 2",457018.06,1135935,402.33
"405","2021","STAFFORDSHIRE AND STOKE-ON-TRENT","05G","E38000126","Band 3",251669.46,1135935,221.55
"406","2021","STAFFORDSHIRE AND STOKE-ON-TRENT","05G","E38000126","NonBanded",577.2,1135935,0.51
"407","2021","STAFFORDSHIRE AND STOKE-ON-TRENT","05G","E38000126","Total",1079716.87,1135935,950.51
"408","2021","STAFFORDSHIRE AND STOKE-ON-TRENT","05G","E38000126","Urgent",168630.32,1135935,148.45
"409","2021","STAFFORDSHIRE AND STOKE-ON-TRENT","05Q","E38000153","Band 1",271360.5,1135935,238.89
"410","2021","STAFFORDSHIRE AND STOKE-ON-TRENT","05Q","E38000153","Band 2",485529.83,1135935,427.43
"411","2021","STAFFORDSHIRE AND STOKE-ON-TRENT","05Q","E38000153","Band 3",290069.24,1135935,255.36
"412","2021","STAFFORDSHIRE AND STOKE-ON-TRENT","05Q","E38000153","NonBanded",976.6,1135935,0.86
"413","2021","STAFFORDSHIRE AND STOKE-ON-TRENT","05Q","E38000153","Total",1259542.89,1135935,1108.82
"414","2021","STAFFORDSHIRE AND STOKE-ON-TRENT","05Q","E38000153","Urgent",211606.72,1135935,186.28
"415","2021","STAFFORDSHIRE AND STOKE-ON-TRENT","05V","E38000173","Band 1",164208.9,1135935,144.56
"416","2021","STAFFORDSHIRE AND STOKE-ON-TRENT","05V","E38000173","Band 2",353941.07,1135935,311.59
"417","2021","STAFFORDSHIRE AND STOKE-ON-TRENT","05V","E38000173","Band 3",170098.33,1135935,149.74
"418","2021","STAFFORDSHIRE AND STOKE-ON-TRENT","05V","E38000173","NonBanded",1231,1135935,1.08
"419","2021","STAFFORDSHIRE AND STOKE-ON-TRENT","05V","E38000173","Total",791766.6,1135935,697.02
"420","2021","STAFFORDSHIRE AND STOKE-ON-TRENT","05V","E38000173","Urgent",102287.3,1135935,90.05
"421","2021","STAFFORDSHIRE AND STOKE-ON-TRENT","05W","E38000175","Band 1",265560.89,1135935,233.78
"422","2021","STAFFORDSHIRE AND STOKE-ON-TRENT","05W","E38000175","Band 2",472991.42,1135935,416.39
"423","2021","STAFFORDSHIRE AND STOKE-ON-TRENT","05W","E38000175","Band 3",298456.56,1135935,262.74
"424","2021","STAFFORDSHIRE AND STOKE-ON-TRENT","05W","E38000175","NonBanded",1239.2,1135935,1.09
"425","2021","STAFFORDSHIRE AND STOKE-ON-TRENT","05W","E38000175","Total",1290679.77,1135935,1136.23
"426","2021","STAFFORDSHIRE AND STOKE-ON-TRENT","05W","E38000175","Urgent",252431.7,1135935,222.22
"427","2021",NA,"03W","E38000051","Band 1",435008.93,NA,NA
"428","2021",NA,"03W","E38000051","Band 2",509552.81,NA,NA
"429","2021",NA,"03W","E38000051","Band 3",271929.42,NA,NA
"430","2021",NA,"03W","E38000051","NonBanded",161.4,NA,NA
"431","2021",NA,"03W","E38000051","Total",1495063.91,NA,NA
"432","2021",NA,"03W","E38000051","Urgent",278411.35,NA,NA
"433","2021",NA,"04C","E38000097","Band 1",212451.2,NA,NA
"434","2021",NA,"04C","E38000097","Band 2",408218.98,NA,NA
"435","2021",NA,"04C","E38000097","Band 3",237252.64,NA,NA
"436","2021",NA,"04C","E38000097","NonBanded",2453.8,NA,NA
"437","2021",NA,"04C","E38000097","Total",1107518.69,NA,NA
"438","2021",NA,"04C","E38000097","Urgent",247142.07,NA,NA
"439","2021",NA,"04V","E38000201","Band 1",462411.05,NA,NA
"440","2021",NA,"04V","E38000201","Band 2",777569.69,NA,NA
"441","2021",NA,"04V","E38000201","Band 3",474007.32,NA,NA
"442","2021",NA,"04V","E38000201","NonBanded",815.2,NA,NA
"443","2021",NA,"04V","E38000201","Total",2037637.41,NA,NA
"444","2021",NA,"04V","E38000201","Urgent",322834.15,NA,NA
"445","2021",NA,"15M","E38000229","Band 1",1264457.52,NA,NA
"446","2021",NA,"15M","E38000229","Band 2",2231648.84,NA,NA
"447","2021",NA,"15M","E38000229","Band 3",1237982.91,NA,NA
"448","2021",NA,"15M","E38000229","NonBanded",4843.3,NA,NA
"449","2021",NA,"15M","E38000229","Total",5636109.85,NA,NA
"450","2021",NA,"15M","E38000229","Urgent",897177.28,NA,NA
"451","2021",NA,"52R","E38000243","Band 1",1081985.82,NA,NA
"452","2021",NA,"52R","E38000243","Band 2",2046612.95,NA,NA
"453","2021",NA,"52R","E38000243","Band 3",1360862.93,NA,NA
"454","2021",NA,"52R","E38000243","NonBanded",4915.8,NA,NA
"455","2021",NA,"52R","E38000243","Total",5299560.37,NA,NA
"456","2021",NA,"52R","E38000243","Urgent",805182.87,NA,NA
"457","2021",NA,"71E","E38000238","Band 1",1083819.09,NA,NA
"458","2021",NA,"71E","E38000238","Band 2",1549952.7,NA,NA
"459","2021",NA,"71E","E38000238","Band 3",968886.22,NA,NA
"460","2021",NA,"71E","E38000238","NonBanded",5791.2,NA,NA
"461","2021",NA,"71E","E38000238","Total",4244204.74,NA,NA
"462","2021",NA,"71E","E38000238","Urgent",635755.53,NA,NA
"463","2021",NA,"78H","E38000242","Band 1",752151.16,NA,NA
"464","2021",NA,"78H","E38000242","Band 2",1390831.6,NA,NA
"465","2021",NA,"78H","E38000242","Band 3",898815.66,NA,NA
"466","2021",NA,"78H","E38000242","NonBanded",3773.7,NA,NA
"467","2021",NA,"78H","E38000242","Total",3577516.77,NA,NA
"468","2021",NA,"78H","E38000242","Urgent",531944.65,NA,NA
"469","2022","BIRMINGHAM AND SOLIHULL","15E","E38000258","Band 1",2587983.66,1179731,2193.71
"470","2022","BIRMINGHAM AND SOLIHULL","15E","E38000258","Band 2",3967587.78,1179731,3363.13
"471","2022","BIRMINGHAM AND SOLIHULL","15E","E38000258","Band 3",3432391.84,1179731,2909.47
"472","2022","BIRMINGHAM AND SOLIHULL","15E","E38000258","NonBanded",15171,1179731,12.86
"473","2022","BIRMINGHAM AND SOLIHULL","15E","E38000258","Total",10747469.7,1179731,9110.1
"474","2022","BIRMINGHAM AND SOLIHULL","15E","E38000258","Urgent",744335.42,1179731,630.94
"475","2022","BLACK COUNTRY","D2P2L","E38000259","Band 1",3062623.29,1380809,2217.99
"476","2022","BLACK COUNTRY","D2P2L","E38000259","Band 2",5737265.42,1380809,4155
"477","2022","BLACK COUNTRY","D2P2L","E38000259","Band 3",5196863.32,1380809,3763.64
"478","2022","BLACK COUNTRY","D2P2L","E38000259","NonBanded",19992.3,1380809,14.48
"479","2022","BLACK COUNTRY","D2P2L","E38000259","Total",14912897.1,1380809,10800.12
"480","2022","BLACK COUNTRY","D2P2L","E38000259","Urgent",896152.77,1380809,649.01
"481","2022","COVENTRY AND WARWICKSHIRE","B2M3M","E38000251","Band 1",3417072.05,963173,3547.72
"482","2022","COVENTRY AND WARWICKSHIRE","B2M3M","E38000251","Band 2",4556638.91,963173,4730.86
"483","2022","COVENTRY AND WARWICKSHIRE","B2M3M","E38000251","Band 3",3777247.7,963173,3921.67
"484","2022","COVENTRY AND WARWICKSHIRE","B2M3M","E38000251","NonBanded",12635.2,963173,13.12
"485","2022","COVENTRY AND WARWICKSHIRE","B2M3M","E38000251","Total",12383538.82,963173,12857.02
"486","2022","COVENTRY AND WARWICKSHIRE","B2M3M","E38000251","Urgent",619944.96,963173,643.65
"487","2022","HEREFORDSHIRE AND WORCESTERSHIRE","18C","E38000236","Band 1",2493795.74,791685,3149.98
"488","2022","HEREFORDSHIRE AND WORCESTERSHIRE","18C","E38000236","Band 2",3473958.68,791685,4388.06
"489","2022","HEREFORDSHIRE AND WORCESTERSHIRE","18C","E38000236","Band 3",2721829.28,791685,3438.02
"490","2022","HEREFORDSHIRE AND WORCESTERSHIRE","18C","E38000236","NonBanded",6852.7,791685,8.66
"491","2022","HEREFORDSHIRE AND WORCESTERSHIRE","18C","E38000236","Total",9398533.89,791685,11871.56
"492","2022","HEREFORDSHIRE AND WORCESTERSHIRE","18C","E38000236","Urgent",702097.49,791685,886.84
"493","2022","SHROPSHIRE, TELFORD AND WREKIN","M2L0M","E38000257","Band 1",1964838,506737,3877.43
"494","2022","SHROPSHIRE, TELFORD AND WREKIN","M2L0M","E38000257","Band 2",2654010.06,506737,5237.45
"495","2022","SHROPSHIRE, TELFORD AND WREKIN","M2L0M","E38000257","Band 3",1775965.3,506737,3504.71
"496","2022","SHROPSHIRE, TELFORD AND WREKIN","M2L0M","E38000257","NonBanded",4409.6,506737,8.7
"497","2022","SHROPSHIRE, TELFORD AND WREKIN","M2L0M","E38000257","Total",6892459.98,506737,13601.65
"498","2022","SHROPSHIRE, TELFORD AND WREKIN","M2L0M","E38000257","Urgent",493237.02,506737,973.36
"499","2022","STAFFORDSHIRE AND STOKE-ON-TRENT","04Y","E38000028","Band 1",435974.31,1139794,382.5
"500","2022","STAFFORDSHIRE AND STOKE-ON-TRENT","04Y","E38000028","Band 2",814647.59,1139794,714.73
"501","2022","STAFFORDSHIRE AND STOKE-ON-TRENT","04Y","E38000028","Band 3",644634.84,1139794,565.57
"502","2022","STAFFORDSHIRE AND STOKE-ON-TRENT","04Y","E38000028","NonBanded",1691.9,1139794,1.48
"503","2022","STAFFORDSHIRE AND STOKE-ON-TRENT","04Y","E38000028","Total",2051453.45,1139794,1799.85
"504","2022","STAFFORDSHIRE AND STOKE-ON-TRENT","04Y","E38000028","Urgent",154504.81,1139794,135.56
"505","2022","STAFFORDSHIRE AND STOKE-ON-TRENT","05D","E38000053","Band 1",505839.32,1139794,443.8
"506","2022","STAFFORDSHIRE AND STOKE-ON-TRENT","05D","E38000053","Band 2",710515.23,1139794,623.37
"507","2022","STAFFORDSHIRE AND STOKE-ON-TRENT","05D","E38000053","Band 3",355816.07,1139794,312.18
"508","2022","STAFFORDSHIRE AND STOKE-ON-TRENT","05D","E38000053","NonBanded",848,1139794,0.74
"509","2022","STAFFORDSHIRE AND STOKE-ON-TRENT","05D","E38000053","Total",1649190.1,1139794,1446.92
"510","2022","STAFFORDSHIRE AND STOKE-ON-TRENT","05D","E38000053","Urgent",76171.48,1139794,66.83
"511","2022","STAFFORDSHIRE AND STOKE-ON-TRENT","05G","E38000126","Band 1",833085.49,1139794,730.91
"512","2022","STAFFORDSHIRE AND STOKE-ON-TRENT","05G","E38000126","Band 2",1221384.55,1139794,1071.58
"513","2022","STAFFORDSHIRE AND STOKE-ON-TRENT","05G","E38000126","Band 3",781263.6,1139794,685.44
"514","2022","STAFFORDSHIRE AND STOKE-ON-TRENT","05G","E38000126","NonBanded",2705.4,1139794,2.37
"515","2022","STAFFORDSHIRE AND STOKE-ON-TRENT","05G","E38000126","Total",3008875.94,1139794,2639.84
"516","2022","STAFFORDSHIRE AND STOKE-ON-TRENT","05G","E38000126","Urgent",170436.9,1139794,149.53
"517","2022","STAFFORDSHIRE AND STOKE-ON-TRENT","05Q","E38000153","Band 1",964124.41,1139794,845.88
"518","2022","STAFFORDSHIRE AND STOKE-ON-TRENT","05Q","E38000153","Band 2",1365858.4,1139794,1198.34
"519","2022","STAFFORDSHIRE AND STOKE-ON-TRENT","05Q","E38000153","Band 3",961821.72,1139794,843.86
"520","2022","STAFFORDSHIRE AND STOKE-ON-TRENT","05Q","E38000153","NonBanded",2204.8,1139794,1.93
"521","2022","STAFFORDSHIRE AND STOKE-ON-TRENT","05Q","E38000153","Total",3467726.75,1139794,3042.42
"522","2022","STAFFORDSHIRE AND STOKE-ON-TRENT","05Q","E38000153","Urgent",173717.42,1139794,152.41
"523","2022","STAFFORDSHIRE AND STOKE-ON-TRENT","05V","E38000173","Band 1",555331.12,1139794,487.22
"524","2022","STAFFORDSHIRE AND STOKE-ON-TRENT","05V","E38000173","Band 2",817383.33,1139794,717.13
"525","2022","STAFFORDSHIRE AND STOKE-ON-TRENT","05V","E38000173","Band 3",507697.46,1139794,445.43
"526","2022","STAFFORDSHIRE AND STOKE-ON-TRENT","05V","E38000173","NonBanded",2544,1139794,2.23
"527","2022","STAFFORDSHIRE AND STOKE-ON-TRENT","05V","E38000173","Total",2000313.78,1139794,1754.98
"528","2022","STAFFORDSHIRE AND STOKE-ON-TRENT","05V","E38000173","Urgent",117357.87,1139794,102.96
"529","2022","STAFFORDSHIRE AND STOKE-ON-TRENT","05W","E38000175","Band 1",1017554.76,1139794,892.75
"530","2022","STAFFORDSHIRE AND STOKE-ON-TRENT","05W","E38000175","Band 2",1364288.43,1139794,1196.96
"531","2022","STAFFORDSHIRE AND STOKE-ON-TRENT","05W","E38000175","Band 3",931612.09,1139794,817.35
"532","2022","STAFFORDSHIRE AND STOKE-ON-TRENT","05W","E38000175","NonBanded",2459.2,1139794,2.16
"533","2022","STAFFORDSHIRE AND STOKE-ON-TRENT","05W","E38000175","Total",3563421.7,1139794,3126.37
"534","2022","STAFFORDSHIRE AND STOKE-ON-TRENT","05W","E38000175","Urgent",247507.22,1139794,217.15
"535","2022",NA,"02Q","E38000008","Band 1",407364.2,NA,NA
"536","2022",NA,"02Q","E38000008","Band 2",795394.75,NA,NA
"537","2022",NA,"02Q","E38000008","Band 3",514854.61,NA,NA
"538","2022",NA,"02Q","E38000008","NonBanded",2459.2,NA,NA
"539","2022",NA,"02Q","E38000008","Total",1857836.62,NA,NA
"540","2022",NA,"02Q","E38000008","Urgent",137763.86,NA,NA
"541","2022",NA,"03W","E38000051","Band 1",1415359.34,NA,NA
"542","2022",NA,"03W","E38000051","Band 2",1478089.74,NA,NA
"543","2022",NA,"03W","E38000051","Band 3",897423.14,NA,NA
"544","2022",NA,"03W","E38000051","NonBanded",1526.4,NA,NA
"545","2022",NA,"03W","E38000051","Total",4071939.11,NA,NA
"546","2022",NA,"03W","E38000051","Urgent",279540.49,NA,NA
"547","2022",NA,"04C","E38000097","Band 1",875785.52,NA,NA
"548","2022",NA,"04C","E38000097","Band 2",1236155.75,NA,NA
"549","2022",NA,"04C","E38000097","Band 3",818859.8,NA,NA
"550","2022",NA,"04C","E38000097","NonBanded",3472.7,NA,NA
"551","2022",NA,"04C","E38000097","Total",3225775.9,NA,NA
"552","2022",NA,"04C","E38000097","Urgent",291502.13,NA,NA
"553","2022",NA,"04V","E38000201","Band 1",1573716.52,NA,NA
"554","2022",NA,"04V","E38000201","Band 2",1929666.99,NA,NA
"555","2022",NA,"04V","E38000201","Band 3",1357446.83,NA,NA
"556","2022",NA,"04V","E38000201","NonBanded",3133.5,NA,NA
"557","2022",NA,"04V","E38000201","Total",5243535.99,NA,NA
"558","2022",NA,"04V","E38000201","Urgent",379572.15,NA,NA
"559","2022",NA,"15M","E38000261","Band 1",4115629.19,NA,NA
"560","2022",NA,"15M","E38000261","Band 2",5873433.09,NA,NA
"561","2022",NA,"15M","E38000261","Band 3",3394021.78,NA,NA
"562","2022",NA,"15M","E38000261","NonBanded",8471.8,NA,NA
"563","2022",NA,"15M","E38000261","Total",14232877.12,NA,NA
"564","2022",NA,"15M","E38000261","Urgent",841321.26,NA,NA
"565","2022",NA,"52R","E38000243","Band 1",3539485.05,NA,NA
"566","2022",NA,"52R","E38000243","Band 2",4994452.91,NA,NA
"567","2022",NA,"52R","E38000243","Band 3",3451274.66,NA,NA
"568","2022",NA,"52R","E38000243","NonBanded",10939.2,NA,NA
"569","2022",NA,"52R","E38000243","Total",12827813.65,NA,NA
"570","2022",NA,"52R","E38000243","Urgent",831661.83,NA,NA
"571","2022",NA,"71E","E38000238","Band 1",2850778.31,NA,NA
"572","2022",NA,"71E","E38000238","Band 2",3846272.57,NA,NA
"573","2022",NA,"71E","E38000238","Band 3",2539944.83,NA,NA
"574","2022",NA,"71E","E38000238","NonBanded",5419,NA,NA
"575","2022",NA,"71E","E38000238","Total",9879715.8,NA,NA
"576","2022",NA,"71E","E38000238","Urgent",637301.09,NA,NA
"577","2022",NA,"78H","E38000262","Band 1",2366197.07,NA,NA
"578","2022",NA,"78H","E38000262","Band 2",3147555.18,NA,NA
"579","2022",NA,"78H","E38000262","Band 3",2194948.66,NA,NA
"580","2022",NA,"78H","E38000262","NonBanded",10256.7,NA,NA
"581","2022",NA,"78H","E38000262","Total",8286674.01,NA,NA
"582","2022",NA,"78H","E38000262","Urgent",567716.4,NA,NA
